ID,DESCRIPTION,STOCK_UM,PLANNING_LEADTIME,ORDER_POLICY,ORDER_POINT,SAFETY_STOCK_QTY,FIXED_ORDER_QTY,DAYS_OF_SUPPLY,MINIMUM_ORDER_QTY,MAXIMUM_ORDER_QTY,ENGINEERING_MSTR,PRODUCT_CODE,COMMODITY_CODE,MFG_NAME,MFG_PART_ID,FABRICATED,PURCHASED,STOCKED,DETAIL_ONLY,DEMAND_HISTORY,TOOL_OR_FIXTURE,INSPECTION_REQD,WEIGHT,WEIGHT_UM,DRAWING_ID,DRAWING_REV_NO,PREF_VENDOR_ID,PRIMARY_WHS_ID,PRIMARY_LOC_ID,BACKFLUSH_WHS_ID,BACKFLUSH_LOC_ID,INSPECT_WHS_ID,INSPECT_LOC_ID,MRP_REQUIRED,MRP_EXCEPTIONS,PRIVATE_UM_CONV,AUTO_BACKFLUSH,PLANNER_USER_ID,BUYER_USER_ID,ABC_CODE,ANNUAL_USAGE_QTY,INVENTORY_LOCKED,UNIT_PRICE,UNIT_MATERIAL_COST,UNIT_LABOR_COST,WHSALE_UNIT_COST,BURDEN_PERCENT,EXCISE_UNIT_PRICE,PURC_BUR_PERCENT,UNIT_BURDEN_COST,FIXED_COST,UNIT_SERVICE_COST,NEW_MATERIAL_COST,NEW_LABOR_COST,NEW_BURDEN_COST,NEW_SERVICE_COST,NEW_BURDEN_PERCENT,PURC_BUR_PER_UNIT,NEW_FIXED_COST,MAT_GL_ACCT_ID,LAB_GL_ACCT_ID,BUR_GL_ACCT_ID,SER_GL_ACCT_ID,QTY_ON_HAND,QTY_AVAILABLE_ISS,QTY_AVAILABLE_MRP,QTY_ON_ORDER,QTY_IN_DEMAND,USER_1,USER_2,USER_3,USER_4,USER_5,USER_6,USER_7,USER_8,USER_9,USER_10,NMFC_CODE_ID,PACKAGE_TYPE,LABEL_UM,MRP_EXCEPTION_INFO,MULTIPLE_ORDER_QTY,ADD_FORECAST,UDF_LAYOUT_ID,PIECE_TRACKED,LENGTH_REQD,WIDTH_REQD,HEIGHT_REQD,DIMENSIONS_UM,SHIP_DIMENSIONS,DRAWING_FILE,TARIFF_CODE,TARIFF_TYPE,ORIG_COUNTRY_ID,NET_WEIGHT_2,GROSS_WEIGHT_2,WEIGHT_UM_2,VOLUME,VOLUME_UM,NEW_BURDEN_PERUNIT,VAT_CODE,DEMAND_FENCE_1,DEMAND_FENCE_2,ROLL_FORECAST,CONSUMABLE,PRIMARY_SOURCE,DEF_LBL_FORMAT_ID,BURDEN_PER_UNIT,HTS_CODE,DEF_ORIG_COUNTRY,MATERIAL_CODE,VOLATILE_LEADTIME,LT_PLUS_DAYS,LT_MINUS_DAYS,STATUS,USE_SUPPLY_BEF_LT,QTY_COMMITTED,INTRASTAT_EXEMPT,CASE_QTY,PALLET_QTY,MINIMUM_LEADTIME,LEADTIME_BUFFER,EMERGENCY_STOCKPCT,REPLENISH_LEVEL,MIN_BATCH_SIZE
25866,HARINA SOYA DESG. S/P 22.68 KG,KG,0,N,,,,,,,,HARINA,Savory,,,N,Y,Y,N,N,N,N,22.68,KG,,,,SENSIENT,25866,,,,,Y,,,N,,,,,N,,0,0,,0,,0,0,0,0,0,0,0,0,0,0,0,,,,,21.64,21.64,21.64,2993.76,0,,,,,,,,,,,,,,,,,,N,N,N,N,,,,,,,,,,,,0,IVA0,,,,N,,,0,,,,,,,,N,0,N,,,,,,,
10028,GLUTAMATO MONOSODICO,KG,0,N,,,,,,,,POTENCIADOR,,,,N,Y,Y,N,N,N,N,25,KG,,,,SENSIENT,10028,,,,,Y,,,N,,,,,N,,0,0,,0,,0,0,0,0,0,0,0,0,0,0,0,,,,,0,0,0,0,0,,,,,,,,,,,,,,,,,,N,N,N,N,,,,,,,,,,,,0,,,,,N,,,0,,,,,,,,N,0,N,,,,,,,
26078,VEGETAROME 2800 S/P 35 KG.,KG,0,N,,,,,,,,PROTEINAS,Agro,,,N,Y,Y,N,N,N,N,35,KG,,,,SENSIENT,26078,,,,,Y,,,N,,,,,N,,0,0,,0,,0,0,0,0,0,0,0,0,0,0,0,,,,,0,0,0,0,0,,,,,,,,,,,,,,,,,,N,N,N,N,,,,,,,,,,,,0,IVA,,,,N,,,0,,,,,,,,N,0,N,,,,,,,
10035,GLUTEN VITAL DE TRIGO,KG,0,N,,,,,,,,PROTEINAS,,,,N,Y,Y,N,N,N,N,25,KG,,,,SENSIENT,10035,,,,,Y,,,N,,,,,N,,0,0,,0,,0,0,0,0,0,0,0,0,0,0,0,,,,,25,25,25,0,25,,,,,,,,,,,,,,,,,,N,N,N,N,,,,,,,,,,,,0,,,,,N,,,0,,,,,,,,N,0,N,,,,,,,
25834,PROLAC 200 S/P 20 KGS,KG,0,N,,,,,,,,LACTEO,Bakery,,,N,Y,Y,N,N,N,N,20,KG,,,,SENSIENT,25834,,,,,Y,,,N,,,,,N,,0,0,,0,,0,0,0,0,0,0,0,0,0,0,0,,,,,0,0,0,0,0,,,,,,,,,,,,,,,,,,N,N,N,N,,,,,,,,,,,,0,IVA,,,,N,,,0,,,,,,,,N,0,N,,,,,,,
25767,PROLAC AEF S/P 30 KGS.,KG,0,N,,,,,,,,LACTEO,Bakery,,,N,Y,Y,N,N,N,N,30,KG,,,,SENSIENT,25767,,,,,Y,,,N,,,,,N,,0,0,,0,,0,0,0,0,0,0,0,0,0,0,0,,,,,0,0,0,0,0,,,,,,,,,,,,,,,,,,N,N,N,N,,,,,,,,,,,,0,,,,,N,,,0,,,,,,,,N,0,N,,,,,,,
25572,PROLAC DD 126 4H S/P 25 KG.,KG,0,N,,,,,,,,LACTEO,Bakery,,,N,Y,Y,N,N,N,N,25,KG,,,,SENSIENT,25572,,,,,Y,,,N,,,,,N,,0,0,,0,,0,0,0,0,0,0,0,0,0,0,0,,,,,0,0,0,0,0,,,,,,,,,,,,,,,,,,N,N,N,N,,,,,,,,,,,,0,,,,,N,,,0,,,,,,,,N,0,N,,,,,,,
25197,REGOM,KG,0,N,,,,,,,,GOMA,Beverages,,,N,Y,Y,N,N,N,N,,KG,,,,SENSIENT,25197,,,,,Y,,,N,,,,,N,,0,0,,0,,0,0,0,0,0,0,0,0,0,0,0,,,,,0,0,0,0,0,,,,,,,,,,,,,,,,,,N,N,N,N,,,,,,,,,,,,0,IVA,,,,N,,,0,,,,,,,,N,0,N,,,,,,,
24746,YESTAL 250 S/A S/P 30 KG.,KG,0,N,,,,,,,,LEVADURAS,Savory,,,N,Y,Y,N,N,N,N,30,KG,,,,ALM-GENERAL,24746,,,,,Y,,,N,,,,,N,,0,0,,0,,0,0,0,0,0,0,0,0,0,0,0,,,,,2850,2850,2850,1290,1110,,,,,,,,,,YESTAL 250,,,,,,,,N,N,N,N,,,,,,,,,,,,0,IVA,,,,N,,,0,,,,,,,,N,0,N,,,,,,,
24597,YESTAL 400,KG,0,N,,,,,,,,LEVADURAS,Savory,,,N,Y,Y,N,N,N,N,30,KG,,,,SENSIENT,24597,,,,,Y,,,N,,,,,N,,0,0,,0,,0,0,0,0,0,0,0,0,0,0,0,,,,,0,0,0,0,0,,,,,,,,,,,,,,,,,,N,N,N,N,,,,,,,,,,,,0,IVA,,,,N,,,0,,,,,,,,N,0,N,,,,,,,
24530,DELTAROME 2300 CAJA 22.68 KG,KG,0,N,,,,,,,,SABORES,Savory,,,N,Y,Y,N,N,N,N,22.68,KG,,,,SENSIENT,24530,,,,,Y,,,N,,,,,N,,0,0,,0,,0,0,0,0,0,0,0,0,0,0,0,,,,,0,0,0,0,0,,,,,,,,,,,,,,,,,,N,N,N,N,,,,,,,,,,,,0,IVA,,,,N,,,0,,,,,,,,N,0,N,,,,,,,
24515,DELTAROME 2102,KG,0,N,,,,,,,,SABORES,Savory,,,N,Y,Y,N,N,N,N,22.68,KG,,,,ALM-GENERAL,24515,,,,,Y,,,N,,,,,N,,0,0,,0,,0,0,0,0,0,0,0,0,0,0,0,,,,,204.12,204.12,204.12,136.08,0,,,,,,,,,,DELTAROME 2102,,,,,,,,N,N,N,N,,,,,,,,,,,,0,IVA,,,,N,,,0,,,,,,,,N,0,N,,,,,,,
24507,DELTAROME 2202,KG,0,N,,,,,,,,SABORES,Savory,,,N,Y,Y,N,N,N,N,25,KG,,,,SENSIENT,24507,,,,,Y,,,N,,,,,N,,0,0,,0,,0,0,0,0,0,0,0,0,0,0,0,,,,,25,25,25,0,0,Costo USD precio en Pesos,,,,,,,,,,,,,,,,,N,N,N,N,,,,,,,,,,,,0,IVA,,,,N,,,0,,,,,,,,N,0,N,,,,,,,
24141,PVH 004 S/A S/P 35 KG.,KG,0,N,,,,,,,,PVH,Savory,,,N,Y,Y,N,N,N,N,35,KG,,,,SENSIENT,24141,,,,,Y,,,N,,,,,N,,0,0,,0,,0,0,0,0,0,0,0,0,0,0,0,,,,,35,35,35,0,0,,,,,,,,,,PVH 004,,,,,,,,N,N,N,N,,,,,,,,,,,,0,IVA,,,,N,,,0,,,,,,,,N,0,N,,,,,,,
24083,PVH JE C/A S/P 35 KG.,KG,0,N,,,,,,,,PVH,Savory,,,N,Y,Y,N,N,N,N,,KG,,,,SENSIENT,24083,,,,,Y,,,N,,,,,N,,0,0,,0,,0,0,0,0,0,0,0,0,0,0,0,,,,,351,351,351,0,70,,,,,,,,,,,,,,,,,,N,N,N,N,,,,,,,,,,,,0,IVA,,,,N,,,0,,,,,,,,N,0,N,,,,,,,
23986,PVH BFN,KG,0,N,,,,,,,,PVH,Savory,,,N,Y,Y,N,N,N,N,22.68,KG,,,,SENSIENT,23986,,,,,Y,,,N,,,,,N,,0,0,,0,,0,0,0,0,0,0,0,0,0,0,0,,,,,0,0,0,0,0,,,,,,,,,,,,,,,,,,N,N,N,N,,,,,,,,,,,,0,IVA,,,,N,,,0,,,,,,,,N,0,N,,,,,,,
23844,PVH 2000 S/A S/P 30 KG.,KG,0,N,,,,,,,,PVH,Savory,,,N,Y,Y,N,N,N,N,30,KG,,,,ALM-GENERAL,23844,,,,,Y,,,N,,,,,N,,17.15,0,,0,,0,0,0,0,0,0,0,0,0,0,0,,,,,330,330,330,0,0,,,,,,,,,,PVH 2000,,,,,,,,N,N,N,N,,,,,,,,,,,,0,IVA,,,,N,,,0,,,,,,,,N,0,N,,,,,,,
23796,PVH CS S/A S/P 22.68,KG,0,N,,,,,,,,PVH,Savory,,,N,Y,Y,N,N,N,N,22.68,KG,,,,SENSIENT,23796,,,,,Y,,,N,,,,,N,,0,0,,0,,0,0,0,0,0,0,0,0,0,0,0,,,,,0,0,0,0,0,,,,,,,,,,,,,,,,,,N,N,N,N,,,,,,,,,,,,0,IVA,,,,N,,,0,,,,,,,,N,0,N,,,,,,,
23580,PVH 448,KG,0,N,,,,,,,,PVH,Savory,,,N,Y,Y,N,N,N,N,,KG,,,,ALM-GENERAL,23580,,,,,Y,,,N,,,,,N,,0,0,,0,,0,0,0,0,0,0,0,0,0,0,0,,,,,3084,3084,3084,100,100,,,,,,,,,,PVH 448,,,,,,,,N,N,N,N,,,,,,,,,,,,0,IVA,,,,N,,,0,,,,,,,,N,0,N,,,,,,,
23481,PVH 113,KG,0,N,,,,,,,,PVH,Savory,,,N,Y,Y,N,N,N,N,22.68,KG,,,,SENSIENT,23481,,,,,Y,,,N,,,,,N,,0,0,,0,,0,0,0,0,0,0,0,0,0,0,0,,,,,0,0,0,0,0,,,,,,,,,,,,,,,,,,N,N,N,N,,,,,,,,,,,,0,,,,,N,,,0,,,,,,,,N,0,N,,,,,,,
23535,SFM cambio el código PVH M S/A S/P 30 KG,KG,0,N,,,,,,,,PVH,Savory,,,N,Y,Y,N,N,N,N,30,KG,,,,SENSIENT,23535,,,,,Y,,,N,,,,,N,,0,0,,0,,0,0,0,0,0,0,0,0,0,0,0,,,,,0,0,0,0,0,,,,,,,,,,,,,,,,,,N,N,N,N,,,,,,,,,,,,0,IVA,,,,N,,,0,,,,,,,,N,0,N,,,,,,,
2322092,SOSA CAUSTICA EN ESCAMAS S/25 KGK,KG,0,N,,,,,,,,SANITIZANTE,,,,N,Y,Y,N,N,N,N,25,KG,,,,ALM-GENERAL,220267,,,,,Y,,,N,,,,,N,,0,0,,0,,0,0,0,0,0,0,0,0,0,0,0,,,,,0,0,0,0,0,,,,,,,,,,,,,,,,,,N,N,N,N,,,,,,,,,,,,0,,,,,N,,,0,,,,,,,,N,0,N,,,,,,,
511075,SORBEX 70 USP T/P 270,KG,0,N,,,,,,,,DERIVADOS MAIZ,,,,N,Y,Y,N,N,N,N,270,KG,,,,ALM-GENERAL,511075,,,,,Y,,,N,,,,,N,,0,0,,0,,0,0,0,0,0,0,0,0,0,0,0,,,,,0,0,0,0,0,,,,,,,,,,,,,,,,,,N,N,N,N,,,,,,,,,,,,0,,,,,N,,,0,,,,,,,,N,0,N,,,,,,,
26096,NUTRICREAM 541 S/P 30K,KG,0,N,,,,,,,,LEVADURAS,Agro,,,N,Y,Y,N,N,N,N,30,KG,,,,,,,,,,Y,,,N,,,,,N,,0,0,,0,,0,0,0,0,0,0,0,0,0,0,0,,,,,346.8,346.8,346.8,0,0,,,,,,,,,,,,,,,,,,N,N,N,N,,,,,,,,,,,,0,IVA0,,,,N,,,0,,,,,,,,N,0,N,,,,,,,
591158,NO USAR! ==> DULCE DE MORA AZUL HPM079,CUBETA,0,N,,,,,,,,DULCES,Dairy,,,N,Y,Y,N,N,N,N,23,KG,,,,ALM-GENERAL,591158,,,,,Y,,,N,,,,,N,,0,0,,0,,0,0,0,0,0,0,0,0,0,0,0,,,,,-1782,-1782,-1782,0,0,,,,,,,,,,,,,,,,,,N,N,N,N,,,,,,,,,,,,0,IVA0,,,,N,,,0,,,,,,,,N,0,N,,,,,,,
24257,PVH CS C/A CAJA 22.68 KG.,KG,0,N,,,,,,,,PVH,Savory,,,N,Y,Y,N,N,N,N,22.68,KG,,,P0001,SENSIENT,24257,,,,,Y,,,N,,,,,N,,0,0,,0,,0,0,0,0,0,0,0,0,0,0,0,,,,,0,0,0,0,0,,,,,,,,,,,,,,,,,,N,N,N,N,,,,,,,,,,,,0,IVA,,,,N,,,0,,,,,,,,N,0,N,,,,,,,
5000849041,ANTIESPUMANTE 34,KG,0,N,,,,,,,,ADITIVOS,,,,N,Y,Y,N,N,N,N,,KG,,,,ALM-GENERAL,5000849041,,,,,Y,,,N,,,,,N,,0,0,,0,,0,0,0,0,0,0,0,0,0,0,0,,,,,0,0,0,0,0,,,,,,,,,,,,,,,,,,N,N,N,N,,,,,,,,,,,,0,IVA,,,,N,,,0,,,,,,,,N,0,N,,,,,,,
591067,NO USAR!!  ==> DULCE DE CHOCOLATE HPM022,CUBETA,0,N,,,,,,,,DULCES,Dairy,,,N,Y,Y,N,N,N,N,23,KG,,,,ALM-GENERAL,591067,,,,,Y,,,N,,,,,N,,0,0,,0,,0,0,0,0,0,0,0,0,0,0,0,,,,,-8821,-8821,-8821,0,0,,,,,,,,,,,,,,,,,,N,N,N,N,,,,,,,,,,,,0,IVA0,,,,N,,,0,,,,,,,,N,0,N,,,,,,,
504977,FRESA SILVESTRE SABOR 007435M/019306M,KG,0,N,,,,,,,,SABORES,Dairy,,,N,Y,Y,N,N,N,N,,KG,,,,ALM-GENERAL,220267,,,,,Y,,,N,,,,,N,,0,0,,0,,0,0,0,0,0,0,0,0,0,0,0,,,,,0,0,0,0,0,PRECIO Y COSTO EN USD,,,,,,,,,,,,,,,,,N,N,N,N,,,,,,,,,,,,0,IVA,,,,N,,,0,,,,,,,,N,0,N,,,,,,,
591140,NO USAR!!! ==>DULCE DE FRAMBUESA  HPMO78,CUBETA,0,N,,,,,,,,DULCES,Dairy,,,N,Y,Y,N,N,N,N,23,KG,,,,ALM-GENERAL,591140,,,,,Y,,,N,,,,,N,,0,0,,0,,0,0,0,0,0,0,0,0,0,0,0,,,,,-1898,-1898,-1898,0,0,,,,,,,,,,,,,,,,,,N,N,N,N,,,,,,,,,,,,0,IVA0,,,,N,,,0,,,,,,,,N,0,N,,,,,,,
591041,NO USAR!!   DULCE PASTEL DE QUESO HPM002,CUBETA,0,N,,,,,,,,DULCES,Dairy,,,N,Y,Y,N,N,N,N,23,KG,,,,ALM-GENERAL,591041,,,,,Y,,,N,,,,,N,,0,0,,0,,0,0,0,0,0,0,0,0,0,0,0,,,,,-967,-967,-967,0,0,,,,,,,,,,,,,,,,,,N,N,N,N,,,,,,,,,,,,0,IVA0,,,,N,,,0,,,,,,,,N,0,N,,,,,,,
591132,NO USAR!!! ==> DULCE DE FRESA HPM071,CUBETA,0,N,,,,,,,,DULCES,Dairy,,,N,Y,Y,N,N,N,N,23,KG,,,,ALM-GENERAL,591132,,,,,Y,,,N,,,,,N,,0,0,,0,,0,0,0,0,0,0,0,0,0,0,0,,,,,-58,-58,-58,0,0,,,,,,,,,,,,,,,,,,N,N,N,N,,,,,,,,,,,,0,IVA0,,,,N,,,0,,,,,,,,N,0,N,,,,,,,
501056,PREPARADO DE MENTA,CUBETA,0,N,,,,,,,,DULCES,Dairy,,,N,Y,Y,N,N,N,N,,KG,,,,ALM-GENERAL,501056,,,,,Y,,,N,,,,,N,,0,0,,0,,0,0,0,0,0,0,0,0,0,0,0,,,,,0,0,0,0,0,,,,,,,,,,,,,,,,,,N,N,N,N,,,,,,,,,,,,0,,,,,N,,,0,,,,,,,,N,0,N,,,,,,,
522862,CEREZA  996121M,KG,0,N,,,,,,,,SABORES,Confectionery,,,N,Y,Y,N,N,N,N,,KG,,,,SENSIENT,522862,,,,,Y,,,N,,,,,N,,0,0,,0,,0,0,0,0,0,0,0,0,0,0,0,,,,,0,0,0,0,0,,,,,,,,,,,,,,,,,,N,N,N,N,,,,,,,,,,,,0,,,,,N,,,0,,,,,,,,N,0,N,,,,,,,
AE-036,TANGERINA DANCY ACEITE ESENCIAL,KG,0,N,,,,,,,,SABORES,,,,N,Y,Y,N,N,N,N,,,,,,ALM-GENERAL,AE-036,,,,,Y,,,N,,,,,N,,0,0,,0,,0,0,0,0,0,0,0,0,0,0,0,,,,,0,0,0,0,0,,,,,,,,,,,,,,,,,,N,N,N,N,,,,,,,,,,,,0,IVA,,,,N,,,0,,,,,,,,N,0,N,,,,,,,
ES-05,TORONJA ROJA ACEITE CONCENTRADO 5X,KG,0,N,,,,,,,,CITRICOS,,,,N,Y,Y,N,N,N,N,,,,,,ALM-GENERAL,AE-036,,,,,Y,,,N,,,,,N,,0,0,,0,,0,0,0,0,0,0,0,0,0,0,0,,,,,0,0,0,0,0,,,,,,,,,,,,,,,,,,N,N,N,N,,,,,,,,,,,,0,IVA,,,,N,,,0,,,,,,,,N,0,N,,,,,,,
611001,AMIDEX 10,KG,0,N,,,,,,,,DERIVADOS MAIZ,,,,N,Y,Y,N,N,N,N,,KG,,,P0003,ALM-GENERAL,611001,,,,,Y,,,N,,,,,N,,0,0,,0,,0,0,0,0,0,0,0,0,0,0,0,,,,,0,0,0,0,0,,,,,,,,,,,,,,,,,,N,N,N,N,,,,,,,,,,,,0,IVA,,,,N,,,0,,,,,,,,N,0,N,,,,,,,
122011,FECULA GLOBE AA,KG,0,N,,,,,,,,DERIVADOS MAIZ,,,,N,Y,Y,N,N,N,N,,KG,,,,ALM-GENERAL,122011,,,,,Y,,,N,,,,,N,,0,0,,0,,0,0,0,0,0,0,0,0,0,0,0,,,,,0,0,0,0,0,,,,,,,,,,,,,,,,,,N,N,N,N,,,,,,,,,,,,0,IVA,,,,N,,,0,,,,,,,,N,0,N,,,,,,,
723375,COLOMEX RS,KG,0,N,,,,,,,,,,,,N,Y,Y,N,N,N,N,,KG,,,,,,,,,,Y,,,N,,,,,N,,0,0,,0,,0,0,0,0,0,0,0,0,0,0,0,,,,,0,0,0,0,0,,,,,,,,,,,,,,,,,,N,N,N,N,,,,,,,,,,,,0,IVA,,,,N,,,0,,,,,,,,N,0,N,,,,,,,
1005020041,QPL TL (DETERGENTE SOLN. ALC.) P/50KG,KG,0,N,,,,,,,,SANITIZANTE,,,,N,Y,Y,N,N,N,N,,,,,,ALM-GENERAL,1005020041,,,,,Y,,,N,,,,,N,,0,0,,0,,0,0,0,0,0,0,0,0,0,0,0,,,,,0,0,0,0,0,,,,,,,,,,,,,,,,,,N,N,N,N,,,,,,,,,,,,0,IVA,,,,N,,,0,,,,,,,,N,0,N,,,,,,,
5001270041,HIPOCLORITO DE SODIO  P/50KG,KG,0,N,,,,,,,,SANITIZANTE,,,,N,Y,Y,N,N,N,N,,,,,,,,,,,,Y,,,N,,,,,N,,0,0,,0,,0,0,0,0,0,0,0,0,0,0,0,,,,,0,0,0,0,0,,,,,,,,,,,,,,,,,,N,N,N,N,,,,,,,,,,,,0,IVA,,,,N,,,0,,,,,,,,N,0,N,,,,,,,
1004190038,PERABAC QPM (AC.PERACETICO) P/20KG,KG,0,N,,,,,,,,SANITIZANTE,,,,N,Y,Y,N,N,N,N,,,,,,ALM-GENERAL,1004190038,,,,,Y,,,N,,,,,N,,0,0,,0,,0,0,0,0,0,0,0,0,0,0,0,,,,,0,0,0,0,0,,,,,,,,,,,,,,,,,,N,N,N,N,,,,,,,,,,,,0,IVA,,,,N,,,0,,,,,,,,N,0,N,,,,,,,
1004167041,OXALAT HA P/50KG,KG,0,N,,,,,,,,SANITIZANTE,,,,N,Y,Y,N,N,N,N,,,,,,ALM-GENERAL,1004167041,,,,,Y,,,N,,,,,N,,0,0,,0,,0,0,0,0,0,0,0,0,0,0,0,,,,,0,0,0,0,0,,,,,,,,,,,,,,,,,,N,N,N,N,,,,,,,,,,,,0,IVA,,,,N,,,0,,,,,,,,N,0,N,,,,,,,
1004726041,QP GAB BE (P/50KG),KG,0,N,,,,,,,,SANITIZANTE,,,,N,Y,Y,N,N,N,N,,,,,,ALM-GENERAL,1004726041,,,,,Y,,,N,,,,,N,,0,0,,0,,0,0,0,0,0,0,0,0,0,0,0,,,,,0,0,0,0,0,,,,,,,,,,,,,,,,,,N,N,N,N,,,,,,,,,,,,0,IVA,,,,N,,,0,,,,,,,,N,0,N,,,,,,,
1003565038,EXTRAFOAM CLE,KG,0,N,,,,,,,,SANITIZANTE,,,,N,Y,Y,N,N,N,N,,,,,,ALM-GENERAL,1003565038,,,,,Y,,,N,,,,,N,,0,0,,0,,0,0,0,0,0,0,0,0,0,0,0,,,,,0,0,0,0,0,,,,,,,,,,,,,,,,,,N,N,N,N,,,,,,,,,,,,0,IVA,,,,N,,,0,,,,,,,,N,0,N,,,,,,,
722042,COLOMEX D.F. POLVO SP/35KG,KG,0,N,,,,,,,,DERIVADOS MAIZ,,,,N,Y,Y,N,N,N,N,,,,,,ALM-GENERAL,722042,,,,,Y,,,N,,,,,N,,0,0,,0,,0,0,0,0,0,0,0,0,0,0,0,,,,,0,0,0,0,0,,,,,,,,,,,,,,,,,,N,N,N,N,,,,,,,,,,,,0,IVA,,,,N,,,0,,,,,,,,N,0,N,,,,,,,
422643,POLIDEX AA 4226 S/P 40KG S/I,KG,0,N,,,,,,,,DERIVADOS MAIZ,,,,N,Y,Y,N,N,N,N,,,,,,ALM-GENERAL,422634,,,,,Y,,,N,,,,,N,,0,0,,0,,0,0,0,0,0,0,0,0,0,0,0,,,,,0,0,0,0,0,,,,,,,,,,,,,,,,,,N,N,N,N,,,,,,,,,,,,0,IVA,,,,N,,,0,,,,,,,,N,0,N,,,,,,,
251292,GLUCOSA 43 GLORIA 2512 C/27,KG,0,N,,,,,,,,DERIVADOS MAIZ,,,,N,Y,Y,N,N,N,N,,KG,,,,ALM-GENERAL,251294,,,,,Y,,,N,,,,,N,,0,0,,0,,0,0,0,0,0,0,0,0,0,0,0,,,,,0,0,0,0,0,,,,,,,,,,,,,,,,,,N,N,N,N,,,,,,,,,,,,0,IVA0,,,,N,,,0,,,,,,,,N,0,N,,,,,,,
5002523901,DETERGENTE SCIP S/22.68 KG,KG,0,N,,,,,,,,SANITIZANTE,,,,N,Y,Y,N,N,N,N,,,,,,ALM-GENERAL,5002523901,,,,,Y,,,N,,,,,N,,0,0,,0,,0,0,0,0,0,0,0,0,0,0,0,,,,,0,0,0,0,0,,,,,,,,,,,,,,,,,,N,N,N,N,,,,,,,,,,,,0,IVA,,,,N,,,0,,,,,,,,N,0,N,,,,,,,
1004100001,MICRONAL S/20 KG,KG,0,N,,,,,,,,,,,,N,Y,Y,N,N,N,N,,,,,,ALM-GENERAL,1004100001,,,,,Y,,,N,,,,,N,,0,0,,0,,0,0,0,0,0,0,0,0,0,0,0,,,,,0,0,0,0,0,,,,,,,,,,,,,,,,,,N,N,N,N,,,,,,,,,,,,0,IVA,,,,N,,,0,,,,,,,,N,0,N,,,,,,,
311056,JARABE DE ALTA FRUCTOSA 42 T/280,KG,0,N,,,,,,,,DERIVADOS MAIZ,,,,N,Y,Y,N,N,N,N,,,,,,ALM-GENERAL,311056,,,,,Y,,,N,,,,,N,,0,0,,0,,0,0,0,0,0,0,0,0,0,0,0,,,,,0,0,0,0,0,,,,,,,,,,,,,,,,,,N,N,N,N,,,,,,,,,,,,0,IVA,,,,N,,,0,,,,,,,,N,0,N,,,,,,,
23713,PVH JE C/A S/P 22.68 KG.,KG,0,N,,,,,,,,PVH,Savory,,,N,Y,Y,N,N,N,N,,KG,,,,SENSIENT,23713,,,,,Y,,,N,,,,,N,,0,0,,0,,0,0,0,0,0,0,0,0,0,0,0,,,,,0,0,0,0,0,,,,,,,,,,,,,,,,,,N,N,N,N,,,,,,,,,,,,0,IVA,,,,N,,,0,,,,,,,,N,0,N,,,,,,,
1005624041,EXTRAFOAM N,KG,0,N,,,,,,,,SANITIZANTE,,,,N,Y,Y,N,N,N,N,,,,,,ALM-GENERAL,1005624041,,,,,Y,,,N,,,,,N,,0,0,,0,,0,0,0,0,0,0,0,0,0,0,0,,,,,0,0,0,0,0,,,,,,,,,,,,,,,,,,N,N,N,N,,,,,,,,,,,,0,IVA,,,,N,,,0,,,,,,,,N,0,N,,,,,,,
5002323091,DETERGENTE S C I P / 50 LB (22.68 KG),KG,0,N,,,,,,,,SANITIZANTE,,,,N,Y,Y,N,N,N,N,,,,,,ALM-GENERAL,5002323091,,,,,Y,,,N,,,,,N,,0,0,,0,,0,0,0,0,0,0,0,0,0,0,0,,,,,0,0,0,0,0,,,,,,,,,,,,,,,,,,N,N,N,N,,,,,,,,,,,,0,IVA,,,,N,,,0,,,,,,,,N,0,N,,,,,,,
535419,COCO SABOR 50061493,KG,0,N,,,,,,,,SABORES,Confectionery,,,N,Y,Y,N,N,N,N,,,,,,ALM-GENERAL,535419,,,,,Y,,,N,,,,,N,,0,0,,0,,0,0,0,0,0,0,0,0,0,0,0,,,,,0,0,0,0,0,,,,,,,,,,,,,,,,,,N,N,N,N,,,,,,,,,,,,0,IVA,,,,N,,,0,,,,,,,,N,0,N,,,,,,,
535237,MANGO SABOR 50061932,KG,0,N,,,,,,,,SABORES,Beverages,,,N,Y,Y,N,N,N,N,,KG,,,,ALM-GENERAL,535237,,,,,Y,,,N,,,,,N,,0,0,,0,,0,0,0,0,0,0,0,0,0,0,0,,,,,0,0,0,0,0,,,,,,,,,,,,,,,,,,N,N,N,N,,,,,,,,,,,,0,IVA,,,,N,,,0,,,,,,,,N,0,N,,,,,,,
52099127,HIP. DE CALCIO HTH OLIN,KG,0,N,,,,,,,,SANITIZANTE,,,,N,Y,Y,N,N,N,N,,KG,,,,ALM-GENERAL,52099127,,,,,Y,,,N,,,,,N,,0,0,,0,,0,0,0,0,0,0,0,0,0,0,0,,,,,0,0,0,0,0,,,,,,,,,,,,,,,,,,N,N,N,N,,,,,,,,,,,,0,IVA,,,,N,,,0,,,,,,,,N,0,N,,,,,,,
535559,FRESA CON COLOR SABOR 50062019,KG,0,N,,,,,,,,SABORES,Beverages,,,N,Y,Y,N,N,N,N,,KG,,,,ALM-GENERAL,535559,,,,,Y,,,N,,,,,N,,0,0,,0,,0,0,0,0,0,0,0,0,0,0,0,,,,,0,0,0,0,0,,,,,,,,,,,,,,,,,,N,N,N,N,,,,,,,,,,,,0,IVA,,,,N,,,0,,,,,,,,N,0,N,,,,,,,
535401,ZARZAMORA (PREPARADO DE) 20051701,KG,0,N,,,,,,,,SABORES,Dairy,,,N,Y,Y,N,N,N,N,,KG,,,,ALM-GENERAL,535401,,,,,Y,,,N,,,,,N,,0,0,,0,,0,0,0,0,0,0,0,0,0,0,0,,,,,0,0,0,0,0,,,,,,,,,,,,,,,,,,N,N,N,N,,,,,,,,,,,,0,,,,,N,,,0,,,,,,,,N,0,N,,,,,,,
BB59,LIMON BB59 BUILDING BLOCK,KG,0,N,,,,,,,,SABORES,,,,N,Y,Y,N,N,N,N,,KG,,,,ALM-GENERAL,BB59,,,,,Y,,,N,,,,,N,,0,0,,0,,0,0,0,0,0,0,0,0,0,0,0,,,,,0,0,0,0,0,,,,,,,,,,,,,,,,,,N,N,N,N,,,,,,,,,,,,0,IVA,,,,N,,,0,,,,,,,,N,0,N,,,,,,,
23457,PVH 004 S/A CAJA 25 KG,KG,0,N,,,,,,,,PVH,Savory,,,N,Y,Y,N,N,N,N,25,KG,,,,SENSIENT,23457,,,,,Y,,,N,,,,,N,,0,0,,0,,0,0,0,0,0,0,0,0,0,0,0,,,,,0,0,0,0,0,25,,,,,,,,,,,,,,,,,N,N,N,N,,,,,,,,,,,,0,IVA,,,,N,,,0,,,,,,,,N,0,N,,,,,,,
501262,MANTEQUILLA SABOR EN POLVO,KG,0,N,,,,,,,,SABORES,Bakery,,,N,Y,Y,N,N,N,N,,,,,,ALM-GENERAL,501262,,,,,Y,,,N,,,,,N,,0,0,,0,,0,0,0,0,0,0,0,0,0,0,0,,,,,0,0,0,0,0,,,,,,,,,,,,,,,,,,N,N,N,N,,,,,,,,,,,,0,IVA,,,,N,,,0,,,,,,,,N,0,N,,,,,,,
536151,PLATANO SABOR 50011494,KG,0,N,,,,,,,,SABORES,Confectionery,,,N,Y,Y,N,N,N,N,,,,,,ALM-GENERAL,536151,,,,,Y,,,N,,,,,N,,0,0,,0,,0,0,0,0,0,0,0,0,0,0,0,,,,,0,0,0,0,0,,,,,,,,,,,,,,,,,,N,N,N,N,,,,,,,,,,,,0,IVA,,,,N,,,0,,,,,,,,N,0,N,,,,,,,
536177,VAINILLA SABOR 50011496,KG,0,N,,,,,,,,SABORES,Dairy,,,N,Y,Y,N,N,N,N,,,,,,ALM-GENERAL,536177,,,,,Y,,,N,,,,,N,,0,0,,0,,0,0,0,0,0,0,0,0,0,0,0,,,,,0,0,0,0,0,,,,,,,,,,,,,,,,,,N,N,N,N,,,,,,,,,,,,0,IVA,,,,N,,,0,,,,,,,,N,0,N,,,,,,,
421043,POLIDEX MA-200 S/P 40 Kg,KG,0,N,,,,,,,,DERIVADOS MAIZ,,,,N,Y,Y,N,N,N,N,,,,,,ALM-GENERAL,421043,,,,,Y,,,N,,,,,N,,0,0,,0,,0,0,0,0,0,0,0,0,0,0,0,,,,,0,0,0,0,0,,,,,,,,,,,,,,,,,,N,N,N,N,,,,,,,,,,,,0,IVA,,,,N,,,0,,,,,,,,N,0,N,,,,,,,
529818,DULCE DE LECHE,KG,0,N,,,,,,,,DULCES,Dairy,,,N,Y,Y,N,N,N,N,,KG,,,,ALM-GENERAL,529818,,,,,Y,,,N,,,,,N,,0,0,,0,,0,0,0,0,0,0,0,0,0,0,0,,,,,0,0,0,0,0,,,,,,,,,,,,,,,,,,N,N,N,N,,,,,,,,,,,,0,IVA0,,,,N,,,0,,,,,,,,N,0,N,,,,,,,
534701,DULCE DE LECHE 30052843,KG,0,N,,,,,,,,DULCES,Dairy,,,N,Y,Y,N,N,N,N,,KG,,,,ALM-GENERAL,534701,,,,,Y,,,N,,,,,N,,0,0,,0,,0,0,0,0,0,0,0,0,0,0,0,,,,,0,0,0,0,0,,,,,,,,,,,,,,,,,,N,N,N,N,,,,,,,,,,,,0,IVA0,,,,N,,,0,,,,,,,,N,0,N,,,,,,,
537134,MELON CON COLOR SABOR,KG,0,N,,,,,,,,SABORES,Confectionery,,,N,Y,Y,N,N,N,N,,KG,,,,ALM-GENERAL,537134,,,,,Y,,,N,,,,,N,,0,0,,0,,0,0,0,0,0,0,0,0,0,0,0,,,,,0,0,0,0,0,,,,,,,,,,,,,,,,,,N,N,N,N,,,,,,,,,,,,0,IVA,,,,N,,,0,,,,,,,,N,0,N,,,,,,,
524256,VAINILLA SABOR FELCOFIX 20032468,KG,0,N,,,,,,,,SABORES,Bakery,,,N,Y,Y,N,N,N,N,,KG,,,,ALM-GENERAL,524256,,,,,Y,,,N,,,,,N,,0,0,,0,,0,0,0,0,0,0,0,0,0,0,0,,,,,0,0,0,0,0,,,,,,,,,,,,,,,,,,N,N,N,N,,,,,,,,,,,,0,IVA,,,,N,,,0,,,,,,,,N,0,N,,,,,,,
AE-037,NARANJA ACEITE ESENCIAL,KG,0,N,,,,,,,,CITRICOS,,,,N,Y,Y,N,N,N,N,,KG,,,,ALM-GENERAL,AE-037,,,,,Y,,,N,,,,,N,,0,0,,0,,0,0,0,0,0,0,0,0,0,0,0,,,,,608.6,608.6,608.6,0,0,,,,,,,,,,,,,,,,,,N,N,N,N,,,,,,,,,,,,0,IVA,,,,N,,,0,,,,,,,,N,0,N,,,,,,,
538470,NARANJA SABOR 50012986,KG,0,N,,,,,,,,SABORES,Beverages,,,N,Y,Y,N,N,N,N,,KG,,,,ALM-GENERAL,538470,,,,,Y,,,N,,,,,N,,0,0,,0,,0,0,0,0,0,0,0,0,0,0,0,,,,,0,0,0,0,0,,,,,,,,,,,,,,,,,,N,N,N,N,,,,,,,,,,,,0,IVA,,,,N,,,0,,,,,,,,N,0,N,,,,,,,
291056,FRUDEX 48,KG,0,N,,,,,,,,DERIVADOS MAIZ,,,,N,Y,Y,N,N,N,N,,KG,,,,ALM-GENERAL,291056,,,,,Y,,,N,,,,,N,,0,0,,0,,0,0,0,0,0,0,0,0,0,0,0,,,,,0,0,0,0,0,,,,,,,,,,,,,,,,,,N,N,N,N,,,,,,,,,,,,0,IVA,,,,N,,,0,,,,,,,,N,0,N,,,,,,,
077-ACF,ACIDO CITRICO GRANULAR,KG,0,N,,,,,,,,ADITIVOS,,,,N,Y,Y,N,N,N,N,25,KG,,,P0005,ALM-GENERAL,077-ACF,,,,,Y,,,N,,,,,N,,0,0,,0,,0,0,0,0,0,0,0,0,0,0,0,,,,,0,0,0,0,0,,,,,,,,,,,,,,,,,,N,N,N,N,,,,,,,,,,,,0,,,,,N,,,0,,,,,,,,N,0,N,,,,,,,
530154,VAINILLA SABOR EN POLVO 983682M,KG,0,N,,,,,,,,SABORES,Bakery,,,N,Y,Y,N,N,N,N,,KG,,,,ALM-GENERAL,530154,,,,,Y,,,N,,,,,N,,0,0,,0,,0,0,0,0,0,0,0,0,0,0,0,,,,,0,0,0,0,0,PRECIO Y COSTO EN USD/KG,,,,,,,,,VAINILLA 530154,,,,,,,,N,N,N,N,,,,,,,,,,,,0,IVA,,,,N,,,0,,,,,,,,N,0,N,,,,,,,
522862-LG,CEREZA LGA 8238 SABOR / BASE 100,KG,0,N,,,,,,,,SABORES,Confectionery,,,N,Y,Y,N,N,N,N,,KG,,,,ALM-GENERAL,522862-LG,,,,,Y,,,N,,,,,N,,0,0,,0,,0,0,0,0,0,0,0,0,0,0,0,,,,,0,0,0,0,0,PRECIO Y COSTOS EN USD,,,,,,,,,,,,,,,,,N,N,N,N,,,,,,,,,,,,0,IVA,,,,N,,,0,,,,,,,,N,0,N,,,,,,,
27326,NO USAR!  VINAGRE BLANCO 5% PORRON 20LT,KG,0,N,,,,,,,,ADITIVOS,,,,N,Y,Y,N,N,N,N,20,KG,,,,SENSIENT,27326,,,,,Y,,,N,,,,,N,,0,0,,0,,0,0,0,0,0,0,0,0,0,0,0,,,,,0,0,0,0,0,,,,,,,,,,,,,,,,,,N,N,N,N,,,,,,,,,,,,0,,,,,N,,,0,,,,,,,,N,0,N,,,,,,,
27327,no usar!! VINAGRE DE MANZANA PORRON 20LT,KG,0,N,,,,,,,,ADITIVOS,,,,N,Y,Y,N,N,N,N,20,KG,,,,SENSIENT,27327,,,,,Y,,,N,,,,,N,,0,0,,0,,0,0,0,0,0,0,0,0,0,0,0,,,,,7,7,7,0,0,,,,,,,,,,,,,,,,,,N,N,N,N,,,,,,,,,,,,0,,,,,N,,,0,,,,,,,,N,0,N,,,,,,,
25870,HARINA DE SOYA RELECITINADA,KG,0,N,,,,,,,,HARINA,Savory,,,N,Y,Y,N,N,N,N,22.68,KG,,,,SENSIENT,25870,,,,,Y,,,N,,,,,N,,0,0,,0,,0,0,0,0,0,0,0,0,0,0,0,,,,,0,0,0,0,0,,,,,,,,,,,,,,,,,,N,N,N,N,,,,,,,,,,,,0,,,,,N,,,0,,,,,,,,N,0,N,,,,,,,
212000,GLUCOSA 43 GLOBE 2120 GRANEL,KG,0,N,,,,,,,,DERIVADOS MAIZ,,,,N,Y,Y,N,N,N,N,,KG,,,,ALM-GENERAL,212000,,,,,Y,,,N,,,,,N,,0,0,,0,,0,0,0,0,0,0,0,0,0,0,0,,,,,0,0,0,0,0,,,,,,,,,,,,,,,,,,N,N,N,N,,,,,,,,,,,,0,IVA0,,,,N,,,0,,,,,,,,N,0,N,,,,,,,
SPL01,SPLENDA SUCRALOSA POLVO,KG,0,N,,,,,,,,SABORES,,,,N,Y,Y,N,N,N,N,,KG,,,,,,,,,,Y,,,N,,,,,N,,0,0,,0,,0,0,0,0,0,0,0,0,0,0,0,,,,,0,0,0,0,0,,,,,,,,,,,,,,,,,,N,N,N,N,,,,,,,,,,,,0,IVA,,,,N,,,0,,,,,,,,N,0,N,,,,,,,
253394,GLUCOSA 45 GLORIA 2533 C/28 KG,KG,0,N,,,,,,,,DERIVADOS MAIZ,,,,N,Y,Y,N,N,N,N,,KG,,,,ALM-GENERAL,253394,,,,,Y,,,N,,,,,N,,0,0,,0,,0,0,0,0,0,0,0,0,0,0,0,,,,,0,0,0,0,0,,,,,,,,,,,,,,,,,,N,N,N,N,,,,,,,,,,,,0,IVA,,,,N,,,0,,,,,,,,N,0,N,,,,,,,
811092,AC. MAIZ V/50 EL ANGEL,KG,0,N,,,,,,,,,,,,N,Y,Y,N,N,N,N,,KG,,,,ALM-GENERAL,811092,,,,,Y,,,N,,,,,N,,0,0,,0,,0,0,0,0,0,0,0,0,0,0,0,,,,,0,0,0,0,0,,,,,,,,,,,,,,,,,,N,N,N,N,,,,,,,,,,,,0,,,,,N,,,0,,,,,,,,N,0,N,,,,,,,
F1300321,HUMO LIQUIDO OIL EZ,KG,0,N,,,,,,,,SABORES,,,,N,Y,Y,N,N,N,N,,,,,,ALM-GENERAL,F13000321,,,,,Y,,,N,,,,,N,,0,0,,0,,0,0,0,0,0,0,0,0,0,0,0,,,,,0,0,0,0,0,,,,,,,,,,,,,,,,,,N,N,N,N,,,,,,,,,,,,0,IVA,,,,N,,,0,,,,,,,,N,0,N,,,,,,,
506154,MANZANA 007423M,KG,0,N,,,,,,,,SABORES,Confectionery,,,N,Y,Y,N,N,N,N,,KG,,,,ALM-GENERAL,506154,,,,,Y,,,N,,,,,N,,0,0,,0,,0,0,0,0,0,0,0,0,0,0,0,,,,,0,0,0,0,0,,,,,,,,,,,,,,,,,,N,N,N,N,,,,,,,,,,,,0,IVA,,,,N,,,0,,,,,,,,N,0,N,,,,,,,
506667,UVA 007429M,KG,0,N,,,,,,,,SABORES,Beverages,,,N,Y,Y,N,N,N,N,,KG,,,,ALM-GENERAL,506667,,,,,Y,,,N,,,,,N,,0,0,,0,,0,0,0,0,0,0,0,0,0,0,0,,,,,0,0,0,0,0,COSTO Y PRECIO EN DOLARES,,,,,,,,,,,,,,,,,N,N,N,N,,,,,,,,,,,,0,IVA,,,,N,,,0,,,,,,,,N,0,N,,,,,,,
500702,LIMON 007606M,KG,0,N,,,,,,,,SABORES,Confectionery,,,N,Y,Y,N,N,N,N,,KG,,,,ALM-GENERAL,500702,,,,,Y,,,N,,,,,N,,0,0,,0,,0,0,0,0,0,0,0,0,0,0,0,,,,,0,0,0,0,0,,,,,,,,,,,,,,,,,,N,N,N,N,,,,,,,,,,,,0,IVA,,,,N,,,0,,,,,,,,N,0,N,,,,,,,
281001,GLUCOSA DESHIDRATADA,KG,0,N,,,,,,,,DERIVADOS MAIZ,,,,N,Y,Y,N,N,N,N,,KG,,,,ALM-GENERAL,281001,,,,,Y,,,N,,,,,N,,0,0,,0,,0,0,0,0,0,0,0,0,0,0,0,,,,,0,0,0,0,0,,,,,,,,,,,,,,,,,,N,N,N,N,,,,,,,,,,,,0,IVA0,,,,N,,,0,,,,,,,,N,0,N,,,,,,,
121011,CORRUPAC C/50KG.  3 CAPAS,KG,0,N,,,,,,,,DERIVADOS MAIZ,,,,N,Y,Y,N,N,N,N,,KG,,,,ALM-GENERAL,121011,,,,,Y,,,N,,,,,N,,0,0,,0,,0,0,0,0,0,0,0,0,0,0,0,,,,,0,0,0,0,0,,,,,,,,,,,,,,,,,,N,N,N,N,,,,,,,,,,,,0,IVA,,,,N,,,0,,,,,,,,N,0,N,,,,,,,
VB0120025,MALTOL,KG,0,N,,,,,,,,SABORES,,,,N,Y,Y,N,N,N,N,,KG,,,,ALM-GENERAL,VB0120025,,,,,Y,,,N,,,,,N,,0,0,,0,,0,0,0,0,0,0,0,0,0,0,0,,,,,0,0,0,0,0,,,,,,,,,,,,,,,,,,N,N,N,N,,,,,,,,,,,,0,IVA,,,,N,,,0,,,,,,,,N,0,N,,,,,,,
122001,ALMIDON GLOBE AA C/25 KG.3 CAP,KG,0,N,,,,,,,,DERIVADOS MAIZ,,,,N,Y,Y,N,N,N,N,,KG,,,,ALM-GENERAL,122001,,,,,Y,,,N,,,,,N,,0,0,,0,,0,0,0,0,0,0,0,0,0,0,0,,,,,0,0,0,0,0,,,,,,,,,,,,,,,,,,N,N,N,N,,,,,,,,,,,,0,IVA,,,,N,,,0,,,,,,,,N,0,N,,,,,,,
2384911,PVH 11314 S/P 25KG.,KG,0,N,,,,,,,,PVH,Savory,,,N,Y,Y,N,N,N,N,,KG,,,,SENSIENT,2384911,,,,,Y,,,N,,,,,N,,0,0,,0,,0,0,0,0,0,0,0,0,0,0,0,,,,,0,0,0,0,0,,,,,,,,,,,,,,,,,,N,N,N,N,,,,,,,,,,,,0,IVA,,,,N,,,0,,,,,,,,N,0,N,,,,,,,
2384508,PVH 11307 S/A S/P 30 KGS,KG,0,N,,,,,,,,PVH,Savory,,,N,Y,Y,N,N,N,N,,KG,,,,SENSIENT,2384508,,,,,Y,,,N,,,,,N,,0,0,,0,,0,0,0,0,0,0,0,0,0,0,0,,,,,0,0,0,0,0,,,,,,,,,,,,,,,,,,N,N,N,N,,,,,,,,,,,,0,IVA,,,,N,,,0,,,,,,,,N,0,N,,,,,,,
602290,CREAM SWEET SABOR LIQ.,KG,0,N,,,,,,,,SABORES,Confectionery,,,N,Y,Y,N,N,N,N,,KG,,,,ALM-GENERAL,602290,,,,,Y,,,N,,,,,N,,0,0,,0,,0,0,0,0,0,0,0,0,0,0,0,,,,,0,0,0,0,0,,,,,,,,,,,,,,,,,,N,N,N,N,,,,,,,,,,,,0,IVA,,,,N,,,0,,,,,,,,N,0,N,,,,,,,
601975/1,COLA MATCH COCA SABOR,KG,0,N,,,,,,,,SABORES,Beverages,,,N,Y,Y,N,N,N,N,,KG,,,,ALM-GENERAL,601975/1,,,,,Y,,,N,,,,,N,,0,0,,0,,0,0,0,0,0,0,0,0,0,0,0,,,,,0,0,0,0,0,,,,,,,,,,,,,,,,,,N,N,N,N,,,,,,,,,,,,0,IVA,,,,N,,,0,,,,,,,,N,0,N,,,,,,,
601507/1,COLA ACIDA SABOR,KG,0,N,,,,,,,,SABORES,Confectionery,,,N,Y,Y,N,N,N,N,,KG,,,,ALM-GENERAL,601507/1,,,,,Y,,,N,,,,,N,,0,0,,0,,0,0,0,0,0,0,0,0,0,0,0,,,,,0,0,0,0,0,,,,,,,,,,,,,,,,,,N,N,N,N,,,,,,,,,,,,0,IVA,,,,N,,,0,,,,,,,,N,0,N,,,,,,,
070030020,ROJO 3 COLOR HS CERTIF.,KG,0,N,,,,,,,,COLORES,,,,N,Y,Y,N,N,N,N,,KG,,,,ALM-GENERAL,070030020,,,,,Y,,,N,,,,,N,,0,0,,0,,0,0,0,0,0,0,0,0,0,0,0,,,,,0,0,0,0,0,PRECIO EN USD,,,,,,,,,,,,,,,,,N,N,N,N,,,,,,,,,,,,0,IVA,,,,N,,,0,,,,,,,,N,0,N,,,,,,,
056010020,AZUL 1 COLOR HS CERTIF.,KG,0,N,,,,,,,,COLORES,,,,N,Y,Y,N,N,N,N,,KG,,,,ALM-GENERAL,056010020,,,,,Y,,,N,,,,,N,,0,0,,0,,0,0,0,0,0,0,0,0,0,0,0,,,,,0,0,0,0,0,PRECIO Y COSTO USD,,,,,,,,,,,,,,,,,N,N,N,N,,,,,,,,,,,,0,IVA,,,,N,,,0,,,,,,,,N,0,N,,,,,,,
M77000020,ROJO 40 COLOR HIDROSOLUBLE CERTIF. FDA,KG,0,N,,,,,,,,COLORES,,,,N,Y,Y,N,N,N,N,,KG,,,,ALM-GENERAL,M77000020,,,,,Y,,,N,,,,,N,,0,0,,0,,0,0,0,0,0,0,0,0,0,0,0,,,,,0,0,0,0,0,PRECIO EN MEX$,,,,,,,,,,,,,,,,,N,N,N,N,,,,,,,,,,,,0,IVA,,,,N,,,0,,,,,,,,N,0,N,,,,,,,
M80050020,AMARILLO 5 COLOR HS CERTIF.,KG,0,N,,,,,,,,COLORES,,,,N,Y,Y,N,N,N,N,,KG,,,,ALM-GENERAL,M80050020,,,,,Y,,,N,,,,,N,,0,0,,0,,0,0,0,0,0,0,0,0,0,0,0,,,,,0,0,0,0,0,PRECIO EN MEX$,,,,,,,,,,,,,,,,,N,N,N,N,,,,,,,,,,,,0,IVA,,,,N,,,0,,,,,,,,N,0,N,,,,,,,
M80060020,AMARILLO 6 HS CERTIF. COLOR,KG,0,N,,,,,,,,COLORES,,,,N,Y,Y,N,N,N,N,,KG,,,,ALM-GENERAL,M80060020,,,,,Y,,,N,,,,,N,,0,0,,0,,0,0,0,0,0,0,0,0,0,0,0,,,,,0,0,0,0,0,COSTO Y PRECIO EN MEX$,,,,,,,,,,,,,,,,,N,N,N,N,,,,,,,,,,,,0,IVA,,,,N,,,0,,,,,,,,N,0,N,,,,,,,
030POAL,FRASCO AMBAR POUR-OUT 30ML. 1 OZ.,PZA,0,N,,,,,,,,,,,,N,Y,N,N,N,N,N,,PZA,,,,ALM-GENERAL,030POAL,,,,,Y,,,N,,,,,N,,0,0,,0,,0,0,0,0,0,0,0,0,0,0,0,,,,,0,0,0,0,0,,,,,,,,,,,,,,,,,,N,N,N,N,,,,,,,,,,,,0,IVA,,,,N,,,0,,,,,,,,N,0,N,,,,,,,
028430NG,TAPAS BLANCAS PARA POUR-OUT,PZA,0,N,,,,,,,,,,,,N,Y,N,N,N,N,N,,PZA,,,,ALM-GENERAL,028430NG,,,,,Y,,,N,,,,,N,,0,0,,0,,0,0,0,0,0,0,0,0,0,0,0,,,,,0,0,0,0,0,,,,,,,,,,,,,,,,,,N,N,N,N,,,,,,,,,,,,0,IVA,,,,N,,,0,,,,,,,,N,0,N,,,,,,,
HXB14001600,XANTHAN GUM FG C/25 KG,KG,0,N,,,,,,,,GOMA,,,,N,Y,Y,N,N,N,N,,KG,,,,ALM-GENERAL,HXB14001600,,,,,Y,,,N,,,,,N,,0,0,,0,,0,0,0,0,0,0,0,0,0,0,0,,,,,0,0,0,0,0,,,,,,,,,,,,,,,,,,N,N,N,N,,,,,,,,,,,,0,,,,,N,,,0,,,,,,,,N,0,N,,,,,,,
602278,VAINILLA SABOR 52594967,KG,0,N,,,,,,,,SABORES,Confectionery,,,N,Y,Y,N,N,N,N,,KG,,,,ALM-GENERAL,602278,,,,,Y,,,N,,,,,N,,0,0,,0,,0,0,0,0,0,0,0,0,0,0,0,,,,,0,0,0,0,0,,,,,,,,,,,,,,,,,,N,N,N,N,,,,,,,,,,,,0,IVA,,,,N,,,0,,,,,,,,N,0,N,,,,,,,
901922,LIMON EMULSION 54146667,KG,0,N,,,,,,,,SABORES,Beverages,,,N,Y,Y,N,N,N,N,,KG,,,,ALM-GENERAL,901922,,,,,Y,,,N,,,,,N,,0,0,,0,,0,0,0,0,0,0,0,0,0,0,0,,,,,0,0,0,0,0,COSTO Y PRECIO EN USD,,,,,,,,,,,,,,,,,N,N,N,N,,,,,,,,,,,,0,IVA,,,,N,,,0,,,,,,,,N,0,N,,,,,,,
602376,ADOBO SEASAROME,KG,0,N,,,,,,,,SABORES,Savory,,,N,Y,Y,N,N,N,N,,KG,,,,ALM-GENERAL,602376,,,,,Y,,,N,,,,,N,,0,0,,0,,0,0,0,0,0,0,0,0,0,0,0,,,,,0,0,0,0,0,,,,,,,,,,,,,,,,,,N,N,N,N,,,,,,,,,,,,0,IVA,,,,N,,,0,,,,,,,,N,0,N,,,,,,,
2002377,ARDIENTE SEASAROME,KG,0,N,,,,,,,,SABORES,Savory,,,N,Y,Y,N,N,N,N,,KG,,,,ALM-GENERAL,2002377,,,,,Y,,,N,,,,,N,,0,0,,0,,0,0,0,0,0,0,0,0,0,0,0,,,,,0,0,0,0,0,,,,,,,,,,,,,,,,,,N,N,N,N,,,,,,,,,,,,0,IVA,,,,N,,,0,,,,,,,,N,0,N,,,,,,,
601818/2,PARRILLADA SEASAROME,KG,0,N,,,,,,,,SABORES,Savory,,,N,Y,Y,N,N,N,N,,KG,,,,ALM-GENERAL,601818/2,,,,,Y,,,N,,,,,N,,0,0,,0,,0,0,0,0,0,0,0,0,0,0,0,,,,,0,0,0,0,0,,,,,,,,,,,,,,,,,,N,N,N,N,,,,,,,,,,,,0,IVA,,,,N,,,0,,,,,,,,N,0,N,,,,,,,
C20115,PROPIONATO DE CALCIO,KG,0,N,,,,,,,,ADITIVOS,,,,N,Y,Y,N,N,N,N,,KG,,,,ALM-GENERAL,C20115,,,,,Y,,,N,,,,,N,,0,0,,0,,0,0,0,0,0,0,0,0,0,0,0,,,,,0,0,0,0,0,PRECIO EN DOLARES,,,,,,,,,,,,,,,,,N,N,N,N,,,,,,,,,,,,0,IVA,,,,N,,,0,,,,,,,,N,0,N,,,,,,,
000268,BENZOATO DE SODIO,KG,0,N,,,,,,,,ADITIVOS,,,,N,Y,Y,N,N,N,N,,KG,,,,ALM-GENERAL,000268,,,,,Y,,,N,,,,,N,,0,0,,0,,0,0,0,0,0,0,0,0,0,0,0,,,,,0,0,0,0,0,,,,,,,,,,,,,,,,,,N,N,N,N,,,,,,,,,,,,0,IVA,,,,N,,,0,,,,,,,,N,0,N,,,,,,,
50757552,NOTA ASTRINGENTE 995031M,KG,0,N,,,,,,,,SABORES,Confectionery,,,N,Y,Y,N,N,N,N,,KG,,,,ALM-GENERAL,50757552,,,,,Y,,,N,,,,,N,,0,0,,0,,0,0,0,0,0,0,0,0,0,0,0,,,,,0,0,0,0,0,,,,,,,,,,,,,,,,,,N,N,N,N,,,,,,,,,,,,0,IVA,,,,N,,,0,,,,,,,,N,0,N,,,,,,,
602217,FRESA CON COLOR SABOR,KG,0,N,,,,,,,,SABORES,Beverages,,,N,Y,Y,N,N,N,N,,KG,,,,ALM-GENERAL,602217,,,,,Y,,,N,,,,,N,,0,0,,0,,0,0,0,0,0,0,0,0,0,0,0,,,,,0,0,0,0,0,PRECIOS Y COSTO EN DOLARES,,,,,,,,,,,,,,,,,N,N,N,N,,,,,,,,,,,,0,IVA,,,,N,,,0,,,,,,,,N,0,N,,,,,,,
601221,MELON CON COLOR SABOR,KG,0,N,,,,,,,,SABORES,Beverages,,,N,Y,Y,N,N,N,N,,KG,,,,ALM-GENERAL,601221,,,,,Y,,,N,,,,,N,,0,0,,0,,0,0,0,0,0,0,0,0,0,0,0,,,,,0,0,0,0,0,PRECIOS Y COSTO EN DOLARES,,,,,,,,,,,,,,,,,N,N,N,N,,,,,,,,,,,,0,IVA,,,,N,,,0,,,,,,,,N,0,N,,,,,,,
602260,UVA CON COLOR SABOR,KG,0,N,,,,,,,,SABORES,Beverages,,,N,Y,Y,N,N,N,N,,KG,,,,ALM-GENERAL,602260,,,,,Y,,,N,,,,,N,,0,0,,0,,0,0,0,0,0,0,0,0,0,0,0,,,,,0,0,0,0,0,PRECIO Y COSTO EN DOLARES,,,,,,,,,,,,,,,,,N,N,N,N,,,,,,,,,,,,0,IVA,,,,N,,,0,,,,,,,,N,0,N,,,,,,,
601585,TORONJA FELCOFIX SACO C/20KG.,KG,0,N,,,,,,,,SABORES,Beverages,,,N,Y,Y,N,N,N,N,,KG,,,,ALM-GENERAL,601585,,,,,Y,,,N,,,,,N,,0,0,,0,,0,0,0,0,0,0,0,0,0,0,0,,,,,0,0,0,0,0,,,,,,,,,,,,,,,,,,N,N,N,N,,,,,,,,,,,,0,IVA,,,,N,,,0,,,,,,,,N,0,N,,,,,,,
601581,MANGO FELCOFIX C/20KG.,KG,0,N,,,,,,,,SABORES,Confectionery,,,N,Y,Y,N,N,N,N,,KG,,,,ALM-GENERAL,601581,,,,,Y,,,N,,,,,N,,0,0,,0,,0,0,0,0,0,0,0,0,0,0,0,,,,,0,0,0,0,0,,,,,,,,,,,,,,,,,,N,N,N,N,,,,,,,,,,,,0,IVA,,,,N,,,0,,,,,,,,N,0,N,,,,,,,
600086,ALMENDRA TOSTADA SABOR LIQ.,KG,0,N,,,,,,,,SABORES,Bakery,,,N,Y,Y,N,N,N,N,,KG,,,,ALM-GENERAL,600086,,,,,Y,,,N,,,,,N,,0,0,,0,,0,0,0,0,0,0,0,0,0,0,0,,,,,0,0,0,0,0,,,,,,,,,,,,,,,,,,N,N,N,N,,,,,,,,,,,,0,IVA,,,,N,,,0,,,,,,,,N,0,N,,,,,,,
T0001,TORTA (TORTOLA) C/CARNES FRIAS Y QUESOS,PZA,0,N,,,,,,,,,,,,N,Y,Y,N,N,N,N,,,,,,ALM-GENERAL,T0001,,,,,Y,,,N,,,,,N,,0,0,,0,,0,0,0,0,0,0,0,0,0,0,0,,,,,1,1,1,0,0,,,,,,,,,,,,,,,,,,N,N,N,N,,,,,,,,,,,,0,IVA,,,,N,,,0,,,,,,,,N,0,N,,,,,,,
S0001,SANDWICH TORTOLA CARNES FRIAS Y QUESOS,PZA,0,N,,,,,,,,,,,,N,Y,Y,N,N,N,N,,,,,,ALM-GENERAL,S0001,,,,,Y,,,N,,,,,N,,0,0,,0,,0,0,0,0,0,0,0,0,0,0,0,,,,,1,1,1,0,0,,,,,,,,,,,,,,,,,,N,N,N,N,,,,,,,,,,,,0,IVA,,,,N,,,0,,,,,,,,N,0,N,,,,,,,
C0001,CROISSANT TORTOLA C/JAMON Y QUESO,PZA,0,N,,,,,,,,,,,,N,Y,Y,N,N,N,N,,,,,,ALM-GENERAL,C0001,,,,,Y,,,N,,,,,N,,0,0,,0,,0,0,0,0,0,0,0,0,0,0,0,,,,,1,1,1,0,0,,,,,,,,,,,,,,,,,,N,N,N,N,,,,,,,,,,,,0,IVA,,,,N,,,0,,,,,,,,N,0,N,,,,,,,
611002,AMIDEX 30,KG,0,N,,,,,,,,DERIVADOS MAIZ,,,,N,Y,Y,N,N,N,N,,KG,,,P0003,ALM-GENERAL,611002,,,,,Y,,,N,,,,,N,,0,0,,0,,0,0,0,0,0,0,0,0,0,0,0,,,,,0,0,0,0,0,,,,,,,,,,,,,,,,,,N,N,N,N,,,,,,,,,,,,0,IVA,,,,N,,,0,,,,,,,,N,0,N,,,,,,,
602081/2,MANTECA DE CERDO SABOR 517180667,KG,0,N,,,,,,,,SABORES,Savory,,,N,Y,Y,N,N,N,N,,KG,,,,ALM-GENERAL,602081/2,,,,,Y,,,N,,,,,N,,27.91,0,,0,,0,0,0,0,0,0,0,0,0,0,0,,,,,0,0,0,0,0,PRECIO Y CTO ENUSD,,,,,,,,,CH. CERDO 517180667,,,,,,,,N,N,N,N,,,,,,,,,,,,0,IVA,,,,N,,,0,,,,,,,,N,0,N,,,,,,,
529586,MANZANA SABORIZANTE SENSOFIX 007743M,KG,0,N,,,,,,,,SABORES,Beverages,,,N,Y,Y,N,N,N,N,,KG,,,,ALM-GENERAL,529586,,,,,Y,,,N,,,,,N,,0,0,,0,,0,0,0,0,0,0,0,0,0,0,0,,,,,0,0,0,0,0,,,,,,,,,,,,,,,,,,N,N,N,N,,,,,,,,,,,,0,IVA,,,,N,,,0,,,,,,,,N,0,N,,,,,,,
51525467,DURAZNO 997180M SABOR LIQ.,KG,0,N,,,,,,,,SABORES,Beverages,,,N,Y,Y,N,N,N,N,,KG,,,,ALM-GENERAL,51525467,,,,,Y,,,N,,,,,N,,0,0,,0,,0,0,0,0,0,0,0,0,0,0,0,,,,,0,0,0,0,0,,,,,,,,,,,,,,,,,,N,N,N,N,,,,,,,,,,,,0,IVA,,,,N,,,0,,,,,,,,N,0,N,,,,,,,
504654,MANGO SABORIZANTE 997072 PORRON C/25KG.,KG,0,N,,,,,,,,SABORES,Beverages,,,N,Y,Y,N,N,N,N,,KG,,,,ALM-GENERAL,504654,,,,,Y,,,N,,,,,N,,0,0,,0,,0,0,0,0,0,0,0,0,0,0,0,,,,,0,0,0,0,0,,,,,,,,,,,,,,,,,,N,N,N,N,,,,,,,,,,,,0,IVA,,,,N,,,0,,,,,,,,N,0,N,,,,,,,
515130,TORONJA SABORIZANTE 997042M PORRON C/25K,KG,0,N,,,,,,,,SABORES,Beverages,,,N,Y,Y,N,N,N,N,,KG,,,,ALM-GENERAL,515130,,,,,Y,,,N,,,,,N,,0,0,,0,,0,0,0,0,0,0,0,0,0,0,0,,,,,0,0,0,0,0,,,,,,,,,,,,,,,,,,N,N,N,N,,,,,,,,,,,,0,IVA,,,,N,,,0,,,,,,,,N,0,N,,,,,,,
603229,STABILAC 20 PORRON C/25KG.603229/591819,KG,0,N,,,,,,,,SABORES,Dairy,,,N,Y,Y,N,N,N,N,,KG,,,,ALM-GENERAL,603229,,,,,Y,,,N,,,,,N,,0,0,,0,,0,0,0,0,0,0,0,0,0,0,0,,,,,3125,3125,3125,3150,0,usd,,,,,,,,,STABILAC 20,,,,,,,,N,N,N,N,,,,,,,,,,,,0,IVA,,,,N,,,0,,,,,,,,N,-1025,N,,,,,,,
583724,CANELA SABORIZANTE 1269 PORRON C/25 KG.,KG,0,N,,,,,,,,SABORES,Savory,,,N,Y,Y,N,N,N,N,,KG,,,,SENSIENT,583724,,,,,Y,,,N,,,,,N,,0,0,,0,,0,0,0,0,0,0,0,0,0,0,0,,,,,0,0,0,0,0,,,,,,,,,,,,,,,,,,N,N,N,N,,,,,,,,,,,,0,IVA,,,,N,,,0,,,,,,,,N,0,N,,,,,,,
25155,PEPTAMIN C,KG,0,N,,,,,,,,PROTEINAS,Otros,,,N,Y,Y,N,N,N,N,,KG,,,,ALM-GENERAL,25155,,,,,Y,,,N,,,,,N,,0,0,,0,,0,0,0,0,0,0,0,0,0,0,0,,,,,0,0,0,0,0,,,,,,,,,,,,,,,,,,N,N,N,N,,,,,,,,,,,,0,IVA,,,,N,,,0,,,,,,,,N,0,N,,,,,,,
51677,VEGETAROME 2900 S/P 35 KG.,KG,0,N,,,,,,,,PROTEINAS,Agro,,,N,Y,Y,N,N,N,N,35,KG,,,,ALM-GENERAL,51677,,,,,Y,,,N,,,,,N,,0,0,,0,,0,0,0,0,0,0,0,0,0,0,0,,,,,44595,44595,44595,16030,10010,,,,,,,,,,VEGETAROME,,,,,,,,N,N,N,N,,,,,,,,,,,,0,IVA,,,,N,,,0,,,,,,,,N,0,N,,,,,,,
VSD001,LECITINA DE SOYA,KG,0,N,,,,,,,,ADITIVOS,,,,N,Y,Y,N,N,N,N,,KG,,,,ALM-GENERAL,VSD001,,,,,Y,,,N,,,,,N,,0,0,,0,,0,0,0,0,0,0,0,0,0,0,0,,,,,0,0,0,0,0,,,,,,,,,,,,,,,,,,N,N,N,N,,,,,,,,,,,,0,IVA,,,,N,,,0,,,,,,,,N,0,N,,,,,,,
25577,"PROLAC ""H"" S/P 20 KG",KG,0,N,,,,,,,,LACTEO,Bakery,,,N,Y,Y,N,N,N,N,20,KG,,,,SENSIENT,25577,,,,,Y,,,N,,,,,N,,0,0,,0,,0,0,0,0,0,0,0,0,0,0,0,,,,,0,0,0,0,0,,,,,,,,,,,,,,,,,,N,N,N,N,,,,,,,,,,,,0,IVA,,,,N,,,0,,,,,,,,N,0,N,,,,,,,
JARM01,LIMON L SABOR,KG,0,N,,,,,,,,SABORES,,,,N,Y,Y,N,N,N,N,,KG,,,,ALM-GENERAL,JARM01,,,,,Y,,,N,,,,,N,,0,0,,0,,0,0,0,0,0,0,0,0,0,0,0,,,,,0,0,0,0,0,,,,,,,,,,,,,,,,,,N,N,N,N,,,,,,,,,,,,0,IVA,,,,N,,,0,,,,,,,,N,0,N,,,,,,,
1012980,CASEINATO DE CALCIO C/25KG.,KG,0,N,,,,,,,,LACTEO,Bakery,,,N,Y,Y,N,N,N,N,,KG,,,,SENSIENT,1012980,,,,,Y,,,N,,,,,N,,8.5,0,,0,,0,0,0,0,0,0,0,0,0,0,0,,,,,0,0,0,0,0,,,,,,,,,,,,,,,,,,N,N,N,N,,,,,,,,,,,,0,IVA0,,,,N,,,0,,,,,,,,N,0,N,,,,,,,
25569,PROLAC CC 35 S/P 30 KG.,KG,0,N,,,,,,,,LACTEO,Bakery,,,N,Y,Y,N,N,N,N,,KG,,,,ALM-GENERAL,25569,,,,,Y,,,N,,,,,N,,0,0,,0,,0,0,0,0,0,0,0,0,0,0,0,,,,,7900,7900,7900,5010,0,,,,,,,,,,PROLAC CC35,,,,,,,,N,N,N,N,,,,,,,,,,,,0,IVA,,,,N,,,0,,,,,,,,N,0,N,,,,,,,
602081/1,CHICHARRON SABOR LIQ. 602081/1,KG,0,N,,,,,,,,SABORES,Savory,,,N,Y,Y,N,N,N,N,,KG,,,,SENSIENT,602081/1,,,,,Y,,,N,,,,,N,,0,0,,0,,0,0,0,0,0,0,0,0,0,0,0,,,,,0,0,0,0,0,PRECIOS Y COSTOS EN DOLARES,,,,,,,,,,,,,,,,,N,N,N,N,,,,,,,,,,,,0,IVA,,,,N,,,0,,,,,,,,N,0,N,,,,,,,
M70000020,ROJO 5 HS COLOR,KG,0,N,,,,,,,,COLORES,,,,N,Y,Y,N,N,N,N,,KG,,,,ALM-GENERAL,M70000020,,,,,Y,,,N,,,,,N,,0,0,,0,,0,0,0,0,0,0,0,0,0,0,0,,,,,0,0,0,0,0,MEX$,,,,,,,,,,,,,,,,,N,N,N,N,,,,,,,,,,,,0,,,,,N,,,0,,,,,,,,N,0,N,,,,,,,
AGU001,Tomato Powder Hot Break EX-AGUSA,KG,0,N,,,,,,,,DESHIDRATADOS,,,,N,Y,Y,N,N,N,N,,KG,,,,ALM-GENERAL,AGU001,,,,,Y,,,N,,,,,N,,0,0,,0,,0,0,0,0,0,0,0,0,0,0,0,,,,,0,0,0,0,0,,,,,,,,,,,,,,,,,,N,N,N,N,,,,,,,,,,,,0,IVA0,,,,N,,,0,,,,,,,,N,0,N,,,,,,,
AGU002,Tomato Powder Cold BreakEX-AGUSA,KG,0,N,,,,,,,,DESHIDRATADOS,,,,N,Y,Y,N,N,N,N,,KG,,,,ALM-GENERAL,AGU002,,,,,Y,,,N,,,,,N,,0,0,,0,,0,0,0,0,0,0,0,0,0,0,0,,,,,0,0,0,0,0,,,,,,,,,,,,,,,,,,N,N,N,N,,,,,,,,,,,,0,IVA0,,,,N,,,0,,,,,,,,N,0,N,,,,,,,
584921,VAINILLA SABORIZANTE 601579 PORRON 25 KG,KG,0,N,,,,,,,,SABORES,Confectionery,,,N,Y,Y,N,N,N,N,,KG,,,,SENSIENT,584921,,,,,Y,,,N,,,,,N,,0,0,,0,,0,0,0,0,0,0,0,0,0,0,0,,,,,0,0,0,0,0,,,,,,,,,,,,,,,,,,N,N,N,N,,,,,,,,,,,,0,IVA,,,,N,,,0,,,,,,,,N,0,N,,,,,,,
513242,CHABACANO SABOR LIQ. 005246M PORRON 25kg,KG,0,N,,,,,,,,SABORES,Beverages,,,N,Y,Y,N,N,N,N,,KG,,,,ALM-GENERAL,513242,,,,,Y,,,N,,,,,N,,10,0,,0,,0,0,0,0,0,0,0,0,0,0,0,,,,,0,0,0,0,0,USD,,,,,,,,,,,,,,,,,N,N,N,N,,,,,,,,,,,,0,IVA,,,,N,,,0,,,,,,,,N,0,N,,,,,,,
2876261,MANTEQUILLA SABOR EN POLVO,KG,0,N,,,,,,,,SABORES,Bakery,,,N,Y,Y,N,N,N,N,,,,,,ALM-GENERAL,2876261,,,,,Y,,,N,,,,,N,,0,0,,0,,0,0,0,0,0,0,0,0,0,0,0,,,,,220,220,220,0,0,,,,,,,,,,MANTEQUILLA 2776261,,,,,,,,N,N,N,N,,,,,,,,,,,,0,IVA,,,,N,,,0,,,,,,,,N,0,N,,,,,,,
517417167,FRESA MALTEADA SABOR 604377 Porrón 25kg,KG,0,N,,,,,,,,SABORES,Confectionery,,,N,Y,Y,N,N,N,N,,KG,,,,ALM-GENERAL,517417167,,,,,Y,,,N,,,,,N,,0,0,,0,,0,0,0,0,0,0,0,0,0,0,0,,,,,0,0,0,0,0,,,,,,,,,,,,,,,,,,N,N,N,N,,,,,,,,,,,,0,IVA,,,,N,,,0,,,,,,,,N,0,N,,,,,,,
506493,NARANJA SABORIZANTE 997246M,KG,0,N,,,,,,,,SABORES,Beverages,,,N,Y,Y,N,N,N,N,,KG,,,,ALM-GENERAL,506493,,,,,Y,,,N,,,,,N,,0,0,,0,,0,0,0,0,0,0,0,0,0,0,0,,,,,0,0,0,0,0,,,,,,,,,,,,,,,,,,N,N,N,N,,,,,,,,,,,,0,IVA,,,,N,,,0,,,,,,,,N,0,N,,,,,,,
517750,SANDIA SABOR LIQ. 600187 PORRON 25KG.,KG,0,N,,,,,,,,SABORES,Confectionery,,,N,Y,Y,N,N,N,N,,KG,,,,ALM-GENERAL,517750,,,,,Y,,,N,,,,,N,,0,0,,0,,0,0,0,0,0,0,0,0,0,0,0,,,,,0,0,0,0,0,USD,,,,,,,,,,,,,,,,,N,N,N,N,,,,,,,,,,,,0,IVA,,,,N,,,0,,,,,,,,N,0,N,,,,,,,
517817,VAINILLA SABOR SIN COLOR PORRON 25 KG,KG,0,N,,,,,,,,SABORES,Bakery,,,N,Y,Y,N,N,N,N,,KG,,,,ALM-GENERAL,517817,,,,,Y,,,N,,,,,N,,0,0,,0,,0,0,0,0,0,0,0,0,0,0,0,,,,,0,0,0,0,0,SIN COLOR,,,,,,,,,,,,,,,,,N,N,N,N,,,,,,,,,,,,0,IVA,,,,N,,,0,,,,,,,,N,0,N,,,,,,,
54943667,COLA ACIDA SABOR LIQ. 121950M,KG,0,N,,,,,,,,SABORES,Confectionery,,,N,Y,Y,N,N,N,N,,KG,,,,ALM-GENERAL,601507/1,,,,,Y,,,N,,,,,N,,0,0,,0,,0,0,0,0,0,0,0,0,0,0,0,,,,,0,0,0,0,0,,,,,,,,,,,,,,,,,,N,N,N,N,,,,,,,,,,,,0,IVA,,,,N,,,0,,,,,,,,N,0,N,,,,,,,
50817667,COLA SABOR LIQ. 007300M,KG,0,N,,,,,,,,SABORES,Confectionery,,,N,Y,Y,N,N,N,N,,KG,,,,,,,,,,Y,,,N,,,,,N,,0,0,,0,,0,0,0,0,0,0,0,0,0,0,0,,,,,0,0,0,0,0,,,,,,,,,,,,,,,,,,N,N,N,N,,,,,,,,,,,,0,IVA,,,,N,,,0,,,,,,,,N,0,N,,,,,,,
52158367,MANTEQUILLA SABORIZANTE LIQ. 20010818,KG,0,N,,,,,,,,SABORES,Bakery,,,N,Y,Y,N,N,N,N,,KG,,,,ALM-GENERAL,52158367,,,,,Y,,,N,,,,,N,,0,0,,0,,0,0,0,0,0,0,0,0,0,0,0,,,,,0,0,0,0,0,,,,,,,,,,,,,,,,,,N,N,N,N,,,,,,,,,,,,0,IVA,,,,N,,,0,,,,,,,,N,0,N,,,,,,,
24026,PVH M S/A  S/P 30 KG,KG,0,N,,,,,,,,PVH,Savory,,,N,Y,Y,N,N,N,N,30,KG,,,,ALM-GENERAL,24026,,,,,Y,,,N,,,,,N,,0,0,,0,,0,0,0,0,0,0,0,0,0,0,0,,,,,-30,-30,-30,0,0,,,,,,,,,,PVH M,,,,,,,,N,N,N,N,,,,,,,,,,,,0,IVA,,,,N,,,0,,,,,,,,N,0,N,,,,,,,
601785,CAJETA SABOR LIQ. 518071067,KG,0,N,,,,,,,,SABORES,Confectionery,,,N,Y,Y,N,N,N,N,,KG,,,,ALM-GENERAL,601785,,,,,Y,,,N,,,,,N,,0,0,,0,,0,0,0,0,0,0,0,0,0,0,0,,,,,0,0,0,0,0,,,,,,,,,,,,,,,,,,N,N,N,N,,,,,,,,,,,,0,IVA,,,,N,,,0,,,,,,,,N,0,N,,,,,,,
20012221,CAJETA SABOR LIQ. 52978467/20012221,KG,0,N,,,,,,,,SABORES,Dairy,,,N,Y,Y,N,N,N,N,,,,,,ALM-GENERAL,20012221,,,,,Y,,,N,,,,,N,,0,0,,0,,0,0,0,0,0,0,0,0,0,0,0,,,,,0,0,0,0,0,,,,,,,,,,,,,,,,,,N,N,N,N,,,,,,,,,,,,0,IVA,,,,N,,,0,,,,,,,,N,0,N,,,,,,,
517901,HOT LEMON SEASAROME SAZ 604157,KG,0,N,,,,,,,,SAZONADOR,Savory,,,N,Y,Y,N,N,N,N,,KG,,,,ALM-GENERAL,517901,,,,,Y,,,N,,,,,N,,0,0,,0,,0,0,0,0,0,0,0,0,0,0,0,,,,,0,0,0,0,0,,,,,,,,,,,,,,,,,,N,N,N,N,,,,,,,,,,,,0,IVA,,,,N,,,0,,,,,,,,N,0,N,,,,,,,
544163,MANZANA CANELA ARECA PREP. 600969,KG,0,N,,,,,,,,DULCES,Dairy,,,N,Y,Y,N,N,N,N,,KG,,,,ALM-GENERAL,544163,,,,,Y,,,N,,,,,N,,0,0,,0,,0,0,0,0,0,0,0,0,0,0,0,,,,,0,0,0,0,0,,,,,,,,,,,,,,,,,,N,N,N,N,,,,,,,,,,,,0,IVA0,,,,N,,,0,,,,,,,,N,0,N,,,,,,,
517902,MANZANA CANELA SABORIZANTE PORRON 25KG,KG,0,N,,,,,,,,SABORES,Dairy,,,N,Y,Y,N,N,N,N,,KG,,,,ALM-GENERAL,517902,,,,,Y,,,N,,,,,N,,0,0,,0,,0,0,0,0,0,0,0,0,0,0,0,,,,,0,0,0,0,0,,,,,,,,,,,,,,,,,,N,N,N,N,,,,,,,,,,,,0,IVA,,,,N,,,0,,,,,,,,N,0,N,,,,,,,
54172267,MANZANA VERDE SABOR LIQ. 601596,KG,0,N,,,,,,,,SABORES,Beverages,,,N,Y,Y,N,N,N,N,,KG,,,,ALM-GENERAL,54172267,,,,,Y,,,N,,,,,N,,20.65,0,,0,,0,0,0,0,0,0,0,0,0,0,0,,,,,0,0,0,0,0,USD,,,,,,,,,,,,,,,,,N,N,N,N,,,,,,,,,,,,0,IVA,,,,N,,,0,,,,,,,,N,0,N,,,,,,,
54220967,MANTEQUILLA SABOR LIQ. 601577,KG,0,N,,,,,,,,SABORES,Beverages,,,N,Y,Y,N,N,N,N,,KG,,,,ALM-GENERAL,54220967,,,,,Y,,,N,,,,,N,,15.5,0,,0,,0,0,0,0,0,0,0,0,0,0,0,109-001-011,,109-001-011,,0,0,0,0,0,USD,,,,,,,,,,,,,,,,,N,N,N,N,,,,,,,,,,,,0,IVA,,,,N,,,0,,,,,,,,N,0,N,,,,,,,
517297,TOCINO SABORIZANTE 602618 PORRON 25.00KG,KG,0,N,,,,,,,,SABORES,Savory,,,N,Y,Y,N,N,N,N,,KG,,,,ALM-GENERAL,517297,,,,,Y,,,N,,,,,N,,0,0,,0,,0,0,0,0,0,0,0,0,0,0,0,,,,,0,0,0,0,0,,,,,,,,,,TOCINO SABOR 517297,,,,,,,,N,N,N,N,,,,,,,,,,,,0,IVA,,,,N,,,0,,,,,,,,N,0,N,,,,,,,
518195,NARANJA SABORIZANTE POLVO 602968,KG,0,N,,,,,,,,SABORES,Bakery,,,N,Y,Y,N,N,N,N,,KG,,,,ALM-GENERAL,518195,,,,,Y,,,N,,,,,N,,0,0,,0,,0,0,0,0,0,0,0,0,0,0,0,,,,,0,0,0,0,0,,,,,,,,,,,,,,,,,,N,N,N,N,,,,,,,,,,,,0,IVA,,,,N,,,0,,,,,,,,N,0,N,,,,,,,
518212,MANGO SABOR LIQ.  602542/2 PORRON 25KG,KG,0,N,,,,,,,,SABORES,Confectionery,,,N,Y,Y,N,N,N,N,,KG,,,,ALM-GENERAL,518212,,,,,Y,,,N,,,,,N,33.7,0,0,,0,,0,0,0,0,0,0,0,0,0,0,0,,,,,0,0,0,0,0,,,,,,,,,,,,,,,,,,N,N,N,N,,,,,,,,,,,,0,IVA,,,,N,,,0,,,,,,,,N,0,N,,,,,,,
517782959,MENTA ARECA PREP 5177829 B.A.,KG,0,N,,,,,,,,DULCES,Dairy,,,N,Y,Y,N,N,N,N,,KG,,,,ALM-GENERAL,517782959,,,,,Y,,,N,,,,,N,,2.2,0,,0,,0,0,0,0,0,0,0,0,0,0,0,,,,,0,0,0,0,0,CUBETAS DE 25 KG !!!,,,,,,,,,,,,,,,,,N,N,N,N,,,,,,,,,,,,0,IVA0,,,,N,,,0,,,,,,,,N,0,N,,,,,,,
107736,CEBOLLA EN POLVO DESHIDR.( X-LOW ) Z01,KG,0,N,,,,,,,,DESHIDRATADOS,Savory,,,N,Y,Y,N,N,N,N,,KG,,,P0018,ALM-GENERAL,107736,,,,,Y,,,N,,,,,N,,0,0,,0,,0,0,0,0,0,0,0,0,0,0,0,,,,,0,0,0,0,0,costo en euros,,,,,,,,,,,,,,,,,N,N,N,N,,,,,,,,,,,,0,IVA0,,,,N,,,0,,,,,,,,N,0,N,,,,,,,
238371,PVH 11318 C/A S/P 22.68 kg,KG,0,N,,,,,,,,PVH,Savory,,,N,Y,N,N,N,N,N,,KG,,,,ALM-GENERAL,238371,,,,,Y,,,N,,,,,N,,0,0,,0,,0,0,0,0,0,0,0,0,0,0,0,,,,,0,0,0,0,0,,,,,,,,,,,,,,,,,,N,N,N,N,,,,,,,,,,,,0,IVA,,,,N,,,0,,,,,,,,N,0,N,,,,,,,
2888063,00093 MANGO SABOR FELCOFIX 996651M 40KG,KG,0,N,,,,,,,,SABORES,Confectionery,,,N,Y,Y,N,N,N,N,,KG,,,,ALM-GENERAL,2888063,,,,,Y,,,N,,,,,N,,13.2,0,,0,,0,0,0,0,0,0,0,0,0,0,0,,,,,0,0,0,0,0,USD,,,,,,,,,,,,,,,,,N,N,N,N,,,,,,,,,,,,0,IVA,,,,N,,,0,,,,,,,,N,0,N,,,,,,,
518548167,TAMARINDO SABORIZANTE 5183262.B.A,KG,0,N,,,,,,,,SABORES,Confectionery,,,N,Y,Y,N,N,N,N,,KG,,,,ALM-GENERAL,518548167,,,,,Y,,,N,,,,,N,,0,0,,0,,0,0,0,0,0,0,0,0,0,0,0,,,,,0,0,0,0,0,,,,,,,,,,,,,,,,,,N,N,N,N,,,,,,,,,,,,0,IVA,,,,N,,,0,,,,,,,,N,0,N,,,,,,,
518638167,MAPLE SABORIZANTE 604747,KG,0,N,,,,,,,,SABORES,Bakery,,,N,Y,Y,N,N,N,N,,KG,,,,ALM-GENERAL,518638167,,,,,Y,,,N,,,,,N,,0,0,,0,,0,0,0,0,0,0,0,0,0,0,0,,,,,0,0,0,0,0,,,,,,,,,,MAPLE 604747,,,,,,,,N,N,N,N,,,,,,,,,,,,0,IVA,,,,N,,,0,,,,,,,,N,0,N,,,,,,,
53329969,00118 b-LEMON OIL ART LIQ 50010594M No5,KG,0,N,,,,,,,,SABORES,Confectionery,,,N,Y,Y,N,N,N,N,,KG,,,,ALM-GENERAL,53329969,,,,,Y,,,N,,,,,N,,0,0,,0,,0,0,0,0,0,0,0,0,0,0,0,,,,,0,0,0,0,0,,,,,,,,,,,,,,,,,,N,N,N,N,,,,,,,,,,,,0,IVA,,,,N,,,0,,,,,,,,N,0,N,,,,,,,
517650367,CARNITAS SABORIZANTE  603610,KG,0,N,,,,,,,,SABORES,Savory,,,N,Y,Y,N,N,N,N,,KG,,,,ALM-GENERAL,517650367,,,,,Y,,,N,,,,,N,,0,0,,0,,0,0,0,0,0,0,0,0,0,0,0,,,,,0,0,0,0,0,,,,,,,,,,,,,,,,,,N,N,N,N,,,,,,,,,,,,0,IVA,,,,N,,,0,,,,,,,,N,0,N,,,,,,,
SN1000002497,PIÑA COLADA SABORIZANTE PORRON C/25KG.,KG,0,N,,,,,,,,SABORES,Dairy,,,N,Y,Y,N,N,N,N,,KG,,,,ALM-GENERAL,SN1000002497,ALM-GENERAL,SN1000002497,,,Y,,,N,,,,,N,,0,0,,0,,0,0,0,0,0,0,0,0,0,0,0,,,,,0,0,0,0,0,,,,,,,,,,,,,,,,,,N,N,N,N,,,,,,,,,,,,0,IVA,,,,N,,,0,,,,,,,,N,0,N,,,,,,,
52213667,NUEZ SABOR 2711 PORRON 25KG.,KG,0,N,,,,,,,,SABORES,Bakery,,,N,Y,Y,N,N,N,N,,,,,,ALM-GENERAL,52213667,,,,,Y,,,N,,,,,N,,0,0,,0,,0,0,0,0,0,0,0,0,0,0,0,,,,,0,0,0,0,0,,,,,,,,,,,,,,,,,,N,N,N,N,,,,,,,,,,,,0,IVA,,,,N,,,0,,,,,,,,N,0,N,,,,,,,
517653411,JICAMA SABORIZANTE EN POLVO,KG,0,N,,,,,,,,SABORES,Confectionery,,,N,Y,Y,N,N,N,N,,KG,,,,ALM-GENERAL,517653411,,,,,Y,,,N,,,,,N,,0,0,,0,,0,0,0,0,0,0,0,0,0,0,0,,,,,0,0,0,0,0,,,,,,,,,,,,,,,,,,N,N,N,N,,,,,,,,,,,,0,IVA,,,,N,,,0,,,,,,,,N,0,N,,,,,,,
ES-04,TERPENOS DE NARANJA,KG,0,N,,,,,,,,CITRICOS,,,,N,Y,Y,N,N,N,N,,KG,,,,ALM-GENERAL,ES-04,,,,,Y,,,N,,,,,N,,0,0,,0,,0,0,0,0,0,0,0,0,0,0,0,,,,,-10,-10,-10,0,0,,,,,,,,,,,,,,,,,,N,N,N,N,,,,,,,,,,,,0,IVA,,,,N,,,0,,,,,,,,N,0,N,,,,,,,
58074667,MANTEQUILLA SABOR CONC. ART. RR-420.,KG,0,N,,,,,,,,SABORES,Bakery,,,N,Y,Y,N,N,N,N,,KG,,,,ALM-GENERAL,58074667,,,,,Y,,,N,,,,,N,,15.5,0,,0,,0,0,0,0,0,0,0,0,0,0,0,109-001-011,,109-001-011,,0,0,0,0,0,PESOS,,,,,,,,,,,,,,,,,N,N,N,N,,,,,,,,,,,,0,IVA,,,,N,,,0,,,,,,,,N,0,N,,,,,,,
2659211,NO USAR !!! MALTOROME 10DM => ES 2659108,KG,0,N,,,,,,,,SABORES,Bakery,,,N,Y,Y,N,N,N,N,,,,,,ALM-GENERAL,2659211,,,,,Y,,,N,,,,,N,,0,0,,0,,0,0,0,0,0,0,0,0,0,0,0,,,,,25,25,25,0,0,,,,,,,,,,,,,,,,,,N,N,N,N,,,,,,,,,,,,0,IVA,,,,N,,,0,,,,,,,,N,0,N,,,,,,,
SN1000010832,UVA V.8 SABORIZANTE,KG,0,N,,,,,,,,SABORES,Beverages,,,N,Y,Y,N,N,N,N,,KG,,,,ALM-GENERAL,SN1000010832,,,,,Y,,,N,,,,,N,,0,0,,0,,0,0,0,0,0,0,0,0,0,0,0,,,,,0,0,0,0,0,,,,,,,,,,,,,,,,,,N,N,N,N,,,,,,,,,,,,0,IVA,,,,N,,,0,,,,,,,,N,0,N,,,,,,,
SN1000010412,NARANJA V.3 SABORIZANTE,KG,0,N,,,,,,,,SABORES,Beverages,,,N,Y,Y,N,N,N,N,,KG,,,,ALM-GENERAL,SN1000010412,,,,,Y,,,N,,,,,N,,0,0,,0,,0,0,0,0,0,0,0,0,0,0,0,,,,,0,0,0,0,0,,,,,,,,,,,,,,,,,,N,N,N,N,,,,,,,,,,,,0,IVA,,,,N,,,0,,,,,,,,N,0,N,,,,,,,
2455308,NUTRICREAM 370 SACO C/ 30KG,KG,0,N,,,,,,,,LEVADURAS,Agro,,,N,Y,Y,N,N,N,N,,KG,,,,ALM-GENERAL,2455308,,,,,Y,,,N,,,,,N,,0,0,,0,,0,0,0,0,0,0,0,0,0,0,0,,,,,30,30,30,0,0,,,,,,,,,,,,,,,,,,N,N,N,N,,,,,,,,,,,,0,IVA0,,,,N,,,0,,,,,,,,N,0,N,,,,,,,
SN1420000012968,Hot lemon en version de exportacion,KG,0,N,,,,,,,,SAZONADOR,Savory,,,N,Y,Y,N,N,N,N,,KG,,,,,,,,,,Y,,,N,,,,,N,,0,0,,0,,0,0,0,0,0,0,0,0,0,0,0,,,,,0,0,0,0,0,,,,,,,,,,,,,,,,,,N,N,N,N,,,,,,,,,,,,0,,,,,N,,,0,,,,,,,,N,0,N,,,,,,,
SN1000012968,HOT LEMON EXP. V.1 SAZONADOR,KG,0,N,,,,,,,,SAZONADOR,Savory,,,N,Y,Y,N,N,N,N,,KG,,,,ALM-GENERAL,SN1000012968,,,,,Y,,,N,,,,,N,,0,0,,0,,0,0,0,0,0,0,0,0,0,0,0,,,,,0,0,0,0,0,,,,,,,,,,,,,,,,,,N,N,N,N,,,,,,,,,,,,0,IVA,,,,N,,,0,,,,,,,,N,0,N,,,,,,,
50468876,PIÑA SABOREADOR 994911M,KG,0,N,,,,,,,,SABORES,Confectionery,,,N,Y,Y,N,N,N,N,,KG,,,,ALM-GENERAL,50468876,,,,,Y,,,N,,,,,N,,0,0,,0,,0,0,0,0,0,0,0,0,0,0,0,,,,,0,0,0,0,0,,,,,,,,,,,,,,,,,,N,N,N,N,,,,,,,,,,,,0,IVA,,,,N,,,0,,,,,,,,N,0,N,,,,,,,
54757066,UVA SABORIZ. LIQU.5000 CONCENT. ARTIFIC.,KG,0,N,,,,,,,,SABORES,Confectionery,,,N,Y,Y,N,N,N,N,,KG,,,,ALM-GENERAL,54757066,,,,,Y,,,N,,,,,N,,0,0,,0,,0,0,0,0,0,0,0,0,0,0,0,,,,,0,0,0,0,0,,,,,,,,,,,,,,,,,,N,N,N,N,,,,,,,,,,,,0,IVA,,,,N,,,0,,,,,,,,N,0,N,,,,,,,
VSD002,CITRIC ACID ANHYDROUS (FINE GRANULAR),KG,0,N,,,,,,,,ADITIVOS,,,,N,Y,Y,N,N,N,N,,KG,,,P0014,ALM-GENERAL,VSD002,,,,,Y,,,N,,,,,N,,0,0,,0,,0,0,0,0,0,0,0,0,0,0,0,,,,,22.66,22.66,22.66,0,0,COSTO Y PRECIO EN USD,,,,,,,,,,,,,,,,,N,N,N,N,,,,,,,,,,,,0,IVA,,,,N,,,0,,,,,,,,N,0,N,,,,,,,
53003071,FRESA SABOR 962109M PORRON 50KG,KG,0,N,,,,,,,,SABORES,Dairy,,,N,Y,Y,N,N,N,N,,KG,,,,ALM-GENERAL,53003071,,,,,Y,,,N,,,,,N,,0,0,,0,,0,0,0,0,0,0,0,0,0,0,0,,,,,0,0,0,0,0,,,,,,,,,,,,,,,,,,N,N,N,N,,,,,,,,,,,,0,IVA,,,,N,,,0,,,,,,,,N,0,N,,,,,,,
AANE1949,JARABE SABOR HORCHATA,GL,0,N,,,,,,,,SABORES,,,,N,Y,Y,N,N,N,N,4,LT,,,,ALM-GENERAL,AANE1949,,,,,Y,,,N,,,,,N,,0,0,,0,,0,0,0,0,0,0,0,0,0,0,0,,,,,0,0,0,0,0,,,,,,,,,,,,,,,,,,N,N,N,N,,,,,,,,,,,,0,IVA0,,,,N,,,0,,,,,,,,N,0,N,,,,,,,
971746,JARABE SABOR LIMON 1946,GL,0,N,,,,,,,,SABORES,,,,N,Y,Y,N,N,N,N,4,LT,,,,ALM-GENERAL,971746,,,,,Y,,,N,,,,,N,,0,0,,0,,0,0,0,0,0,0,0,0,0,0,0,,,,,0,0,0,0,0,,,,,,,,,,,,,,,,,,N,N,N,N,,,,,,,,,,,,0,IVA0,,,,N,,,0,,,,,,,,N,0,N,,,,,,,
PI001,HARINA DE SOYA DESGRASADA/PI,KG,0,N,,,,,,,,HARINA,,,,N,Y,Y,N,N,N,N,,KG,,,,,,,,,,Y,,,N,,,,,N,,0,0,,0,,0,0,0,0,0,0,0,0,0,0,0,,,,,1540,1540,1540,0,0,COSTO ES EN MEX$,PRECIO ES EN USD y MEX$,,,,,,,,,,,,,,,,N,N,N,N,,,,,,,,,,,,0,IVA0,,,,N,,,0,,,,,,,,N,0,N,,,,,,,
SN1000017216,DELTAROME TORULA V.15,KG,0,N,,,,,,,,LEVADURAS,Savory,,,N,Y,Y,N,N,N,N,,KG,,,,,,,,,,Y,,,N,,,,,N,,0,0,,0,,0,0,0,0,0,0,0,0,0,0,0,,,,,500,500,500,0,0,COSTO EN PESOS,PRECIO EN USD,,,,,,,,DELTAROME TORULA,,,,,,,,N,N,N,N,,,,,,,,,,,,0,IVA,,,,N,,,0,,,,,,,,N,0,N,,,,,,,
M8604,AMARILLO 6 HIDROSOLUBLE COLOR,KG,0,N,,,,,,,,COLORES,,,,N,Y,Y,N,N,N,N,,KG,,,,,,,,,,Y,,,N,,,,,N,,0,0,,0,,0,0,0,0,0,0,0,0,0,0,0,,,,,0,0,0,0,0,,,,,,,,,,,,,,,,,,N,N,N,N,,,,,,,,,,,,0,IVA,,,,N,,,0,,,,,,,,N,0,N,,,,,,,
M8600,AMARILLO 5 HIDROSOLUBLE COLOR,KG,0,N,,,,,,,,COLORES,,,,N,Y,Y,N,N,N,N,,KG,,,,,,,,,,Y,,,N,,,,,N,,0,0,,0,,0,0,0,0,0,0,0,0,0,0,0,,,,,0,0,0,0,0,,,,,,,,,,,,,,,,,,N,N,N,N,,,,,,,,,,,,0,IVA,,,,N,,,0,,,,,,,,N,0,N,,,,,,,
09609,AMARILLO 5 LACA DC CERTIFICADO COLOR,KG,0,N,,,,,,,,COLORES,,,,N,Y,Y,N,N,N,N,,KG,,,,,,,,,,Y,,,N,,,,,N,,0,0,,0,,0,0,0,0,0,0,0,0,0,0,0,,,,,0,0,0,0,0,COSTO Y PRECIO EN USD,,,,,,,,,,,,,,,,,N,N,N,N,,,,,,,,,,,,0,IVA,,,,N,,,0,,,,,,,,N,0,N,,,,,,,
ZB001,AMARILLO 5 LACA SC COLOR,KG,0,N,,,,,,,,COLORES,,,,N,Y,Y,N,N,N,N,,KG,,,,,,,,,,Y,,,N,,,,,N,,0,0,,0,,0,0,0,0,0,0,0,0,0,0,0,,,,,0,0,0,0,0,,,,,,,,,,,,,,,,,,N,N,N,N,,,,,,,,,,,,0,IVA,,,,N,,,0,,,,,,,,N,0,N,,,,,,,
09605,AMARILLO 5 LACA SC CERTIFICADO COLOR,KG,0,N,,,,,,,,,,,,N,Y,Y,N,N,N,N,,KG,,,,,,,,,,Y,,,N,,,,,N,,0,0,,0,,0,0,0,0,0,0,0,0,0,0,0,,,,,0,0,0,0,0,COSTO Y PRECIOS EN USD,,,,,,,,,,,,,,,,,N,N,N,N,,,,,,,,,,,,0,IVA,,,,N,,,0,,,,,,,,N,0,N,,,,,,,
09610,AMARILLO 6 LACA DC CERTIF COLOR,KG,0,N,,,,,,,,COLORES,,,,N,Y,Y,N,N,N,N,,KG,,,,,,,,,,Y,,,N,,,,,N,,0,0,,0,,0,0,0,0,0,0,0,0,0,0,0,,,,,0,0,0,0,0,USD,,,,,,,,,,,,,,,,,N,N,N,N,,,,,,,,,,,,0,IVA,,,,N,,,0,,,,,,,,N,0,N,,,,,,,
ZB003,AMARILLO 6 LACA SC COLOR,KG,0,N,,,,,,,,COLORES,,,,N,Y,Y,N,N,N,N,,KG,,,,,,,,,,Y,,,N,,,,,N,,0,0,,0,,0,0,0,0,0,0,0,0,0,0,0,,,,,0,0,0,0,0,MEX$,,,,,,,,,,,,,,,,,N,N,N,N,,,,,,,,,,,,0,IVA,,,,N,,,0,,,,,,,,N,0,N,,,,,,,
09606,AMARILLO 6 LACA SC CERTIFICADO COLOR,KG,0,N,,,,,,,,COLORES,,,,N,Y,Y,N,N,N,N,,KG,,,,,,,,,,Y,,,N,,,,,N,,0,0,,0,,0,0,0,0,0,0,0,0,0,0,0,,,,,0,0,0,0,0,USD,,,,,,,,,,,,,,,,,N,N,N,N,,,,,,,,,,,,0,IVA,,,,N,,,0,,,,,,,,N,0,N,,,,,,,
05649,AZUL No. 1 HS COLOR,KG,0,N,,,,,,,,COLORES,,,,N,Y,Y,N,N,N,N,,KG,,,,,,,,,,Y,,,N,,,,,N,,0,0,,0,,0,0,0,0,0,0,0,0,0,0,0,,,,,0,0,0,0,0,USD,,,,,,,,,,,,,,,,,N,N,N,N,,,,,,,,,,,,0,IVA,,,,N,,,0,,,,,,,,N,0,N,,,,,,,
09970,BIOXIDO DE TITANIO CERTIFICADO,KG,0,N,,,,,,,,COLORES,,,,N,Y,Y,N,N,N,N,,KG,,,,,,,,,,Y,,,N,,,,,N,,0,0,,0,,0,0,0,0,0,0,0,0,0,0,0,,,,,0,0,0,0,0,USD Y MINIMO 1 TON,,,,,,,,,,,,,,,,,N,N,N,N,,,,,,,,,,,,0,IVA,,,,N,,,0,,,,,,,,N,0,N,,,,,,,
07400,ROJO 3 HS COLOR,KG,0,N,,,,,,,,COLORES,,,,N,Y,Y,N,N,N,N,,KG,,,,,,,,,,Y,,,N,,,,,N,,0,0,,0,,0,0,0,0,0,0,0,0,0,0,0,,,,,0,0,0,0,0,USD,,,,,,,,,,,,,,,,,N,N,N,N,,,,,,,,,,,,0,IVA,,,,N,,,0,,,,,,,,N,0,N,,,,,,,
M7707,ROJO 40 HS COLOR,KG,0,N,,,,,,,,COLORES,,,,N,Y,Y,N,N,N,N,,KG,,,,,,,,,,Y,,,N,,,,,N,,0,0,,0,,0,0,0,0,0,0,0,0,0,0,0,,,,,0,0,0,0,0,MEX$,,,,,,,,,,,,,,,,,N,N,N,N,,,,,,,,,,,,0,IVA,,,,N,,,0,,,,,,,,N,0,N,,,,,,,
ZB008,ROJO 40 LACA DC,KG,0,N,,,,,,,,COLORES,,,,N,Y,Y,N,N,N,N,,KG,,,,,,,,,,Y,,,N,,,,,N,,0,0,,0,,0,0,0,0,0,0,0,0,0,0,0,,,,,0,0,0,0,0,MEX$,,,,,,,,,,,,,,,,,N,N,N,N,,,,,,,,,,,,0,IVA,,,,N,,,0,,,,,,,,N,0,N,,,,,,,
09310,ROJO 40 LACA DC CERTIF COLOR,KG,0,N,,,,,,,,COLORES,,,,N,Y,Y,N,N,N,N,,KG,,,,,,,,,,Y,,,N,,,,,N,,0,0,,0,,0,0,0,0,0,0,0,0,0,0,0,,,,,0,0,0,0,0,USD,,,,,,,,,,,,,,,,,N,N,N,N,,,,,,,,,,,,0,IVA,,,,N,,,0,,,,,,,,N,0,N,,,,,,,
ZB007,ROJO 40 LACA SC COLOR,KG,0,N,,,,,,,,COLORES,,,,N,Y,Y,N,N,N,N,,KG,,,,,,,,,,Y,,,N,,,,,N,,0,0,,0,,0,0,0,0,0,0,0,0,0,0,0,,,,,0,0,0,0,0,MEX$,,,,,,,,,,,,,,,,,N,N,N,N,,,,,,,,,,,,0,IVA,,,,N,,,0,,,,,,,,N,0,N,,,,,,,
M9324,ROJO 6 LACA SC COLOR,KG,0,N,,,,,,,,COLORES,,,,N,Y,Y,N,N,N,N,,KG,,,,,,,,,,Y,,,N,,,,,N,,0,0,,0,,0,0,0,0,0,0,0,0,0,0,0,,,,,0,0,0,0,0,MEX$,,,,,,,,,,,,,,,,,N,N,N,N,,,,,,,,,,,,0,IVA,,,,N,,,0,,,,,,,,N,0,N,,,,,,,
M7300,ROJO 6 HS COLOR,KG,0,N,,,,,,,,COLORES,,,,N,Y,Y,N,N,N,N,,KG,,,,,,,,,,Y,,,N,,,,,N,,0,0,,0,,0,0,0,0,0,0,0,0,0,0,0,,,,,0,0,0,0,0,MEX$,,,,,,,,,,,,,,,,,N,N,N,N,,,,,,,,,,,,0,IVA,,,,N,,,0,,,,,,,,N,0,N,,,,,,,
09380,ROJO 40 LACA SC,KG,0,N,,,,,,,,COLORES,,,,N,Y,Y,N,N,N,N,,KG,,,,,,,,,,Y,,,N,,,,,N,,0,0,,0,,0,0,0,0,0,0,0,0,0,0,0,,,,,0,0,0,0,0,USD,,,,,,,,,,,,,,,,,N,N,N,N,,,,,,,,,,,,0,IVA,,,,N,,,0,,,,,,,,N,0,N,,,,,,,
GM001,PRODUCTOS PARA LIMPIEZA,PZA,0,N,,,,,,,,SANITIZANTE,,,,N,Y,Y,N,N,N,N,,PZA,,,,,,,,,,Y,,,N,,,,,N,,0,0,,0,,0,0,0,0,0,0,0,0,0,0,0,,,,,16,16,16,0,0,,,,,,,,,,,,,,,,,,N,N,N,N,,,,,,,,,,,,0,IVA,,,,N,,,0,,,,,,,,N,0,N,,,,,,,
SN1000021400,000546 MANGO LIQUIDO VERSION 1,KG,0,N,,,,,,,,SABORES,Confectionery,,,N,Y,Y,N,N,N,N,,KG,,,,,,,,,,Y,,,N,,,,,N,,0,0,,0,,0,0,0,0,0,0,0,0,0,0,0,,,,,0,0,0,0,0,VERSION LIQ. DE 00093 MANGO SABOR FELCOFIX 996651M,PRECIO Y COSTO USD,,,,,,,,,,,,,,,,N,N,N,N,,,,,,,,,,,,0,IVA,,,,N,,,0,,,,,,,,N,0,N,,,,,,,
53952876,MANGO MELOCOTON SABOR LIQ.,KG,0,N,,,,,,,,SABORES,Beverages,,,N,Y,Y,N,N,N,N,,KG,,,,,,,,,,Y,,,N,,,,,N,,0,0,,0,,0,0,0,0,0,0,0,0,0,0,0,,,,,0,0,0,0,0,PRECIO Y COSTO EN USD,,,,,,,,,,,,,,,,,N,N,N,N,,,,,,,,,,,,0,IVA,,,,N,,,0,,,,,,,,N,0,N,,,,,,,
SN1000026174,NARANJA PICANTE CONCENTRADO V.3,KG,0,N,,,,,,,,SABORES,Confectionery,,,N,Y,Y,N,N,N,N,,KG,,,,,,,,,,Y,,,N,,,,,N,,0,0,,0,,0,0,0,0,0,0,0,0,0,0,0,,,,,0,0,0,0,0,COSTO Y PRECIO EN USD,Cambió de V.2 a V.3 por pbas de Ivan Ordoñez fines 2009,,,,,,,,NARANJA PICANTE,,,,,,,,N,N,N,N,,,,,,,,,,,,0,IVA,,,,N,,,0,,,,,,,,N,0,N,,,,,,,
GEN001,NARANJA 5X ACEITE ESENCIAL,KG,0,N,,,,,,,,CITRICOS,,,,N,Y,Y,N,N,N,N,,KG,,,,,,,,,,Y,,,N,,,,,N,,0,0,,0,,0,0,0,0,0,0,0,0,0,0,0,,,,,0,0,0,0,0,PRECIO Y COSTO EN USD,,,,,,,,,,,,,,,,,N,N,N,N,,,,,,,,,,,,0,IVA,,,,N,,,0,,,,,,,,N,0,N,,,,,,,
2659108,MALTOROME 10DM EXTENDER DE COCOA,KG,0,N,,,,,,,,SABORES,Bakery,,,N,Y,Y,N,N,N,N,,,,,,ALM-GENERAL,2659211,,,,,Y,,,N,,,,,N,,0,0,,0,,0,0,0,0,0,0,0,0,0,0,0,,,,,0,0,0,0,0,,,,,,,,,,MALTOROME 10DM,,,,,,,,N,N,N,N,,,,,,,,,,,,0,IVA,,,,N,,,0,,,,,,,,N,0,N,,,,,,,
SN1000030500,FRESA V.1 SABOR LIQUIDO,KG,0,N,,,,,,,,SABORES,Beverages,,,N,Y,Y,N,N,N,N,,,,,,ALM-GENERAL,SN1000030500,,,,,Y,,,N,,,,,N,,0,0,,0,,0,0,0,0,0,0,0,0,0,0,0,,,,,0,0,0,0,0,PRECIO Y COSTO EN USD,,,,,,,,,,,,,,,,,N,N,N,N,,,,,,,,,,,,0,IVA,,,,N,,,0,,,,,,,,N,0,N,,,,,,,
59104158,D. DE PASTEL DE QUESO HPM002,KG,0,N,,,,,,,,DULCES,Dairy,,,N,Y,Y,N,N,N,N,,KG,,,,ALM-RF,59104158,,,,,Y,,,N,,,,,N,,0,0,,0,,0,0,0,0,0,0,0,0,0,0,0,,,,,161,161,161,0,0,,,,,,,,,,D. PASTEL QUESO,,,,,,,,N,N,N,N,,,,,,,,,,,,0,IVA0,,,,N,,,0,,,,,,,,N,0,N,,,,,,,
59113258,D.  DE FRESA HPM071,KG,0,N,,,,,,,,DULCES,Dairy,,,N,Y,Y,N,N,N,N,,KG,,,,ALM-RF,59113258,,,,,Y,,,N,,,,,N,,0,0,,0,,0,0,0,0,0,0,0,0,0,0,0,,,,,0,0,0,0,0,,,,,,,,,,,,,,,,,,N,N,N,N,,,,,,,,,,,,0,IVA0,,,,N,,,0,,,,,,,,N,0,N,,,,,,,
59106758,D. DE CHOCOLATE HPM022,KG,0,N,,,,,,,,DULCES,Dairy,,,N,Y,Y,N,N,N,N,,KG,,,,ALM-RF,59106758,,,,,Y,,,N,,,,,N,,0,0,,0,,0,0,0,0,0,0,0,0,0,0,0,,,,,184,184,184,2300,2300,,,,,,,,,,D. CHOCOLATE,,,,,,,,N,N,N,N,,,,,,,,,,,,0,IVA0,,,,N,,,0,,,,,,,,N,0,N,,,,,,,
59114058,D. DE FRAMBUESA HPMO78,KG,0,N,,,,,,,,DULCES,Dairy,,,N,Y,Y,N,N,N,N,,KG,,,,ALM-GENERAL,59114058,,,,,Y,,,N,,,,,N,,0,0,,0,,0,0,0,0,0,0,0,0,0,0,0,,,,,0,0,0,0,0,,,,,,,,,,D. FRAMBUESA,,,,,,,,N,N,N,N,,,,,,,,,,,,0,IVA0,,,,N,,,0,,,,,,,,N,0,N,,,,,,,
59115858,D. DE MORA AZUL HPM079,KG,0,N,,,,,,,,DULCES,Dairy,,,N,Y,Y,N,N,N,N,,KG,,,,ALM-GENERAL,59115858,,,,,Y,,,N,,,,,N,,0,0,,0,,0,0,0,0,0,0,0,0,0,0,0,,,,,115,115,115,0,0,,,,,,,,,,,,,,,,,,N,N,N,N,,,,,,,,,,,,0,IVA0,,,,N,,,0,,,,,,,,N,0,N,,,,,,,
542091,ALFA-PINENO,KG,0,N,,,,,,,,,,,,N,Y,Y,N,N,N,N,,,,,,ALM-GENERAL,542091,,,,,Y,,,N,,,,,N,,0,0,,0,,0,0,0,0,0,0,0,0,0,0,0,,,,,86.6,86.6,86.6,0,0,COSTO EN USD,,,,,,,,,,,,,,,,,N,N,N,N,,,,,,,,,,,,0,IVA,,,,N,,,0,,,,,,,,N,0,N,,,,,,,
SN1000036588,DELTAROME PALMEX V.1,KG,0,N,,,,,,,,SABORES,Savory,,,N,Y,Y,N,N,N,N,,KG,,,,ALM-GENERAL,SN1000036588,,,,,Y,,,N,,,,,N,,0,0,,0,,0,0,0,0,0,0,0,0,0,0,0,,,,,0,0,0,0,0,DELTAROME NIXTAMAL V.1,,,,,,,,,,,,,,,,,N,N,N,N,,,,,,,,,,,,0,IVA,,,,N,,,0,,,,,,,,N,0,N,,,,,,,
SN1000038228,SEASAROME SALCHICHA V.1 B1000003635,KG,0,N,,,,,,,,SAZONADOR,Savory,,,N,Y,Y,N,N,N,N,,,,,,ALM-GENERAL,SN1000038228,,,,,Y,,,N,,,,,N,,0,0,,0,,0,0,0,0,0,0,0,0,0,0,0,,,,,-25,-25,-25,0,0,PRECIO Y COSTO EN USD,,,,,,,,,,,,,,,,,N,N,N,N,,,,,,,,,,,,0,IVA,,,,N,,,0,,,,,,,,N,0,N,,,,,,,
BT1430,HEAVY DUTY (1 GALON),PZA,0,N,,,,,,,,SANITIZANTE,,,,Y,Y,Y,N,N,N,N,,,,,,ALM-BT,BT1430,,,,,Y,,,N,,,,,N,,0,0,,0,,0,0,0,0,0,0,0,0,0,0,0,,,,,0,0,0,0,0,,,,,,,,,,,,,,,,,,N,N,N,N,,,,,,,,,,,,0,IVA,,,,N,,,0,,,,,,,,N,0,N,,,,,,,
BT0430,FAST GONE (FRASCO 900 ML),PZA,0,N,,,,,,,,,,,,Y,Y,Y,N,N,N,N,,,,,,ALM-BT,BT0430,,,,,Y,,,N,,,,,N,,0,0,,0,,0,0,0,0,0,0,0,0,0,0,0,,,,,0,0,0,0,0,,,,,,,,,,,,,,,,,,N,N,N,N,,,,,,,,,,,,0,IVA,,,,N,,,0,,,,,,,,N,0,N,,,,,,,
BT0431,FAST GONE (1 GALON),PZA,0,N,,,,,,,,SANITIZANTE,,,,Y,Y,Y,N,N,N,N,,,,,,ALM-BT,BT0431,,,,,Y,,,N,,,,,N,,0,0,,0,,0,0,0,0,0,0,0,0,0,0,0,,,,,-8,-8,-8,0,0,,,,,,,,,,,,,,,,,,N,N,N,N,,,,,,,,,,,,0,IVA,,,,N,,,0,,,,,,,,N,0,N,,,,,,,
BT1431,HEAVY DUTY (CAJA 60 BOTES DE 4 OZ C/U),PZA,0,N,,,,,,,,,,,,Y,Y,Y,N,N,N,N,,,,,,ALM-BT,BT1431,,,,,Y,,,N,,,,,N,,0,0,,0,,0,0,0,0,0,0,0,0,0,0,0,,,,,7,7,7,0,0,,,,,,,,,,,,,,,,,,N,N,N,N,,,,,,,,,,,,0,IVA,,,,N,,,0,,,,,,,,N,0,N,,,,,,,
RG1510,ACEITE AVE (CAJA 2 BIDONES DE 10 L C/U),PZA,0,N,,,,,,,,ACEITES,Food Service,,,N,Y,Y,N,N,N,N,,,,,P0025,ALM-BT,RG1510,,,,,Y,,,N,,,,,N,,0,0,,0,,0,0,0,0,0,0,0,0,0,0,0,,,,,108,108,108,0,0,,,,,,,,,,,,,,,,,,N,N,N,N,,,,,,,,,,,,0,IVA0,,,,N,,,0,,,,,,,,N,0,N,,,,,,,
BT2430,SHAMPOO MANZANA 250 ML,PZA,0,N,,,,,,,,,,,,Y,Y,Y,N,N,N,N,,,,,,,,,,,,Y,,,N,,,,,N,,0,0,,0,,0,0,0,0,0,0,0,0,0,0,0,,,,,0,0,0,0,0,,,,,,,,,,,,,,,,,,N,N,N,N,,,,,,,,,,,,0,,,,,N,,,0,,,,,,,,N,0,N,,,,,,,
BT3430,LOCION 140 ML,PZA,0,N,,,,,,,,,,,,Y,Y,Y,N,N,N,N,,,,,,ALM-BT,BT3430,,,,,Y,,,N,,,,,N,,0,0,,0,,0,0,0,0,0,0,0,0,0,0,0,,,,,0,0,0,0,0,,,,,,,,,,,,,,,,,,N,N,N,N,,,,,,,,,,,,0,,,,,N,,,0,,,,,,,,N,0,N,,,,,,,
BT2431,SHAMPOO 250 ML,PZA,0,N,,,,,,,,,,,,Y,Y,Y,N,N,N,N,,,,,,ALM-BT,BT2431,,,,,Y,,,N,,,,,N,,0,0,,0,,0,0,0,0,0,0,0,0,0,0,0,,,,,0,0,0,0,0,,,,,,,,,,,,,,,,,,N,N,N,N,,,,,,,,,,,,0,,,,,N,,,0,,,,,,,,N,0,N,,,,,,,
BT7430,REPELENTE 250 ML,PZA,0,N,,,,,,,,,,,,Y,Y,Y,N,N,N,N,,,,,,ALM-BT,BT7430,,,,,Y,,,N,,,,,N,,0,0,,0,,0,0,0,0,0,0,0,0,0,0,0,,,,,0,0,0,0,0,,,,,,,,,,,,,,,,,,N,N,N,N,,,,,,,,,,,,0,,,,,N,,,0,,,,,,,,N,0,N,,,,,,,
BT0432,FAST GONE 250 ML,PZA,0,N,,,,,,,,,,,,Y,Y,Y,N,N,N,N,,,,,,,,,,,,Y,,,N,,,,,N,,0,0,,0,,0,0,0,0,0,0,0,0,0,0,0,,,,,0,0,0,0,0,,,,,,,,,,,,,,,,,,N,N,N,N,,,,,,,,,,,,0,,,,,N,,,0,,,,,,,,N,0,N,,,,,,,
BT0433,FAST GONE (CUBETA 19L),PZA,0,N,,,,,,,,,,,,N,Y,Y,N,N,N,N,,PZA,,,,ALM-BT,BT0433,,,,,Y,,,N,,,,,N,,0,0,,0,,0,0,0,0,0,0,0,0,0,0,0,,,,,2,2,2,1,0,,,,,,,,,,,,,,,,,,N,N,N,N,,,,,,,,,,,,0,IVA,,,,N,,,0,,,,,,,,N,0,N,,,,,,,
BT1433,HEAVU DUTY (CUBETA 19L),PZA,0,N,,,,,,,,,,,,N,Y,Y,N,N,N,N,,,,,P0026,ALM-BT,BT1433,,,,,Y,,,N,,,,,N,,0,0,,0,,0,0,0,0,0,0,0,0,0,0,0,,,,,5,5,5,0,0,,,,,,,,,,,,,,,,,,N,N,N,N,,,,,,,,,,,,0,IVA,,,,N,,,0,,,,,,,,N,0,N,,,,,,,
SN1000036616,SEASOROME SAZONADOR CHIPOTLE,KG,0,N,,,,,,,,SAZONADOR,Savory,,,N,Y,Y,N,N,N,N,,,,,,,,,,,,Y,,,N,,,,,N,,0,0,,0,,0,0,0,0,0,0,0,0,0,0,0,,,,,0,0,0,0,0,,,,,,,,,,,,,,,,,,N,N,N,N,,,,,,,,,,,,0,,,,,N,,,0,,,,,,,,N,0,N,,,,,,,
LG1700,SALSA CATSUP /CAJA 1008 SOBRES METAL 9G,PZA,0,N,,,,,,,,,,,,N,Y,Y,N,N,N,N,,,,,,,,,,,,Y,,,N,,,,,N,,0,0,,0,,0,0,0,0,0,0,0,0,0,0,0,,,,,14,14,14,0,0,,,,,,,,,,,,,,,,,,N,N,N,N,,,,,,,,,,,,0,,,,,N,,,0,,,,,,,,N,0,N,,,,,,,
LG1705,ADEREZO DE MAYONESA CAJA CON 204 SOBRES,PZA,0,N,,,,,,,,,,,,N,Y,Y,N,N,N,N,,,,,P0038,,,,,,,Y,,,N,,,,,N,,0,0,,0,,0,0,0,0,0,0,0,0,0,0,0,,,,,16,16,16,0,0,,,,,,,,,,,,,,,,,,N,N,N,N,,,,,,,,,,,,0,,,,,N,,,0,,,,,,,,N,0,N,,,,,,,
LG1714,NO USAR!!!! JALAPEÑO CAJA 204 SOBRES 8G,PZA,0,N,,,,,,,,,,,,N,Y,Y,N,N,N,N,,,,,P0038,,,,,,,Y,,,N,,,,,N,,0,0,,0,,0,0,0,0,0,0,0,0,0,0,0,,,,,105,105,105,0,0,,,,,,,,,,,,,,,,,,N,N,N,N,,,,,,,,,,,,0,,,,,N,,,0,,,,,,,,N,0,N,,,,,,,
LG1701,SALSA TIPO CATSUP/CAJA 1008 SOBRES 8G,PZA,0,N,,,,,,,,,,,,N,Y,Y,N,N,N,N,,,,,,,,,,,,Y,,,N,,,,,N,,0,0,,0,,0,0,0,0,0,0,0,0,0,0,0,,,,,-12,-12,-12,0,0,,,,,,,,,,,,,,,,,,N,N,N,N,,,,,,,,,,,,0,,,,,N,,,0,,,,,,,,N,0,N,,,,,,,
LG1702,SALSA TIPO CATSUP/CAJA 204SOBRES 8G,PZA,0,N,,,,,,,,,,,,N,Y,Y,N,N,N,N,,,,,P0038,,,,,,,Y,,,N,,,,,N,,0,0,,0,,0,0,0,0,0,0,0,0,0,0,0,,,,,47,47,47,0,0,,,,,,,,,,,,,,,,,,N,N,N,N,,,,,,,,,,,,0,,,,,N,,,0,,,,,,,,N,0,N,,,,,,,
LG1704,ADEREZO MAYONESA/CAJA 1008 SOBRES 8G,PZA,0,N,,,,,,,,,,,,N,Y,Y,N,N,N,N,,,,,,,,,,,,Y,,,N,,,,,N,,0,0,,0,,0,0,0,0,0,0,0,0,0,0,0,,,,,2,2,2,0,0,,,,,,,,,,,,,,,,,,N,N,N,N,,,,,,,,,,,,0,,,,,N,,,0,,,,,,,,N,0,N,,,,,,,
LG1711,MOSTAZA / CAJA 1260 SOBRES DE 6G,PZA,0,N,,,,,,,,,,,,N,Y,Y,N,N,N,N,,,,,,,,,,,,Y,,,N,,,,,N,,0,0,,0,,0,0,0,0,0,0,0,0,0,0,0,,,,,2,2,2,0,0,,,,,,,,,,,,,,,,,,N,N,N,N,,,,,,,,,,,,0,,,,,N,,,0,,,,,,,,N,0,N,,,,,,,
LG1712,MOSTAZA / CAJA CON 204 SOBRES DE 6G,PZA,0,N,,,,,,,,,,,,N,Y,Y,N,N,N,N,,,,,,,,,,,,Y,,,N,,,,,N,,0,0,,0,,0,0,0,0,0,0,0,0,0,0,0,,,,,8,8,8,0,0,,,,,,,,,,,,,,,,,,N,N,N,N,,,,,,,,,,,,0,,,,,N,,,0,,,,,,,,N,0,N,,,,,,,
LG1713,SALSA JALAPEÑO / CAJA 204 SOBRES DE 8G,PZA,0,N,,,,,,,,,,,,N,Y,Y,N,N,N,N,,,,,P0038,,,,,,,Y,,,N,,,,,N,,0,0,,0,,0,0,0,0,0,0,0,0,0,0,0,,,,,-5,-5,-5,0,0,,,,,,,,,,,,,,,,,,N,N,N,N,,,,,,,,,,,,0,,,,,N,,,0,,,,,,,,N,0,N,,,,,,,
LG1715,SALSA PICAZON / CAJA 4200 SOBRES DE 5 G,PZA,0,N,,,,,,,,,,,,N,Y,Y,N,N,N,N,,,,,,,,,,,,Y,,,N,,,,,N,,0,0,,0,,0,0,0,0,0,0,0,0,0,0,0,,,,,-5,-5,-5,0,0,,,,,,,,,,,,,,,,,,N,N,N,N,,,,,,,,,,,,0,,,,,N,,,0,,,,,,,,N,0,N,,,,,,,
LG1716,NO USAR_SALSA PICANTE 10G CJ 1008 SOBRE,PZA,0,N,,,,,,,,,,,,N,Y,Y,N,N,N,N,,,,,,,,,,,,Y,,,N,,,,,N,,0,0,,0,,0,0,0,0,0,0,0,0,0,0,0,,,,,8,8,8,0,0,,,,,,,,,,,,,,,,,,N,N,N,N,,,,,,,,,,,,0,,,,,N,,,0,,,,,,,,N,0,N,,,,,,,
LG1717,JUGO DE LIMON / CAJA 1008 SOBRES 8G,PZA,0,N,,,,,,,,,,,,N,Y,Y,N,N,N,N,,,,,,,,,,,,Y,,,N,,,,,N,,0,0,,0,,0,0,0,0,0,0,0,0,0,0,0,,,,,5,5,5,0,0,,,,,,,,,,,,,,,,,,N,N,N,N,,,,,,,,,,,,0,,,,,N,,,0,,,,,,,,N,0,N,,,,,,,
LG1719,SALSA BBQ / CAJA 250 BLISTERS DE 28G,PZA,0,N,,,,,,,,,,,,N,Y,Y,N,N,N,N,,,,,,,,,,,,Y,,,N,,,,,N,,0,0,,0,,0,0,0,0,0,0,0,0,0,0,0,,,,,5,5,5,0,0,,,,,,,,,,,,,,,,,,N,N,N,N,,,,,,,,,,,,0,,,,,N,,,0,,,,,,,,N,0,N,,,,,,,
LG1732,MERMELADA DE FRESA /CAJA 1008 SOBRES 10G,PZA,0,N,,,,,,,,,,,,N,Y,Y,N,N,N,N,,,,,,,,,,,,Y,,,N,,,,,N,,0,0,,0,,0,0,0,0,0,0,0,0,0,0,0,,,,,2,2,2,0,0,,,,,,,,,,,,,,,,,,N,N,N,N,,,,,,,,,,,,0,,,,,N,,,0,,,,,,,,N,0,N,,,,,,,
LG1733,CHILE SECO EN TROZOS/CAJA 1000 SOBRES 1G,PZA,0,N,,,,,,,,,,,,N,Y,Y,N,N,N,N,,,,,,,,,,,,Y,,,N,,,,,N,,0,0,,0,,0,0,0,0,0,0,0,0,0,0,0,,,,,-9,-9,-9,3,0,,,,,,,,,,,,,,,,,,N,N,N,N,,,,,,,,,,,,0,,,,,N,,,0,,,,,,,,N,0,N,,,,,,,
LG1703,SALSA TIPO CATSUP /CAJA 6 BOLSAS 3 KG,PZA,0,N,,,,,,,,,,,,N,Y,Y,N,N,N,N,,,,,,,,,,,,Y,,,N,,,,,N,,0,0,,0,,0,0,0,0,0,0,0,0,0,0,0,,,,,4,4,4,0,0,,,,,,,,,,,,,,,,,,N,N,N,N,,,,,,,,,,,,0,,,,,N,,,0,,,,,,,,N,0,N,,,,,,,
WN.0203.5,PULPA MANGO ENDULZADA 5L,PZA,0,N,,,,,,,,,,,,N,Y,Y,N,N,N,N,,,,,,,,,,,,Y,,,N,,,,,N,,0,0,,0,,0,0,0,0,0,0,0,0,0,0,0,,,,,8,8,8,0,0,,,,,,,,,,,,,,,,,,N,N,N,N,,,,,,,,,,,,0,,,,,N,,,0,,,,,,,,N,0,N,,,,,,,
WN.0207.5,PULPA FRESA ENDULZADA 5L.,PZA,0,N,,,,,,,,,,,,N,Y,Y,N,N,N,N,,,,,,,,,,,,Y,,,N,,,,,N,,0,0,,0,,0,0,0,0,0,0,0,0,0,0,0,,,,,3,3,3,0,0,,,,,,,,,,,,,,,,,,N,N,N,N,,,,,,,,,,,,0,,,,,N,,,0,,,,,,,,N,0,N,,,,,,,
WN.0204.5,PULPA TAMARINDO ENDULZADA 5L.,PZA,0,N,,,,,,,,,,,,N,Y,Y,N,N,N,N,,,,,,,,,,,,Y,,,N,,,,,N,,0,0,,0,,0,0,0,0,0,0,0,0,0,0,0,,,,,7,7,7,0,0,,,,,,,,,,,,,,,,,,N,N,N,N,,,,,,,,,,,,0,,,,,N,,,0,,,,,,,,N,0,N,,,,,,,
WN.0201.5,CONCENTRADO JAMAICA ENDULZADO 5L.,PZA,0,N,,,,,,,,,,,,N,Y,Y,N,N,N,N,,,,,,,,,,,,Y,,,N,,,,,N,,0,0,,0,,0,0,0,0,0,0,0,0,0,0,0,,,,,5,5,5,0,0,,,,,,,,,,,,,,,,,,N,N,N,N,,,,,,,,,,,,0,,,,,N,,,0,,,,,,,,N,0,N,,,,,,,
WN.0208.5,CONCENTRADO PIÑA COLADA ENDULZADA 5L.,PZA,0,N,,,,,,,,,,,,N,Y,Y,N,N,N,N,,,,,,,,,,,,Y,,,N,,,,,N,,0,0,,0,,0,0,0,0,0,0,0,0,0,0,0,,,,,8,8,8,0,0,,,,,,,,,,,,,,,,,,N,N,N,N,,,,,,,,,,,,0,,,,,N,,,0,,,,,,,,N,0,N,,,,,,,
WN.0206.5,CONCENTRADO HORCHATA ENDULZADO 5L.,PZA,0,N,,,,,,,,,,,,N,Y,Y,N,N,N,N,,,,,,,,,,,,Y,,,N,,,,,N,,0,0,,0,,0,0,0,0,0,0,0,0,0,0,0,,,,,10,10,10,0,0,,,,,,,,,,,,,,,,,,N,N,N,N,,,,,,,,,,,,0,,,,,N,,,0,,,,,,,,N,0,N,,,,,,,
WN.0501.7,SALSA SOYA 21.8 KG,PZA,0,N,,,,,,,,,,,,N,Y,Y,N,N,N,N,,,,,,,,,,,,Y,,,N,,,,,N,,0,0,,0,,0,0,0,0,0,0,0,0,0,0,0,,,,,3,3,3,0,0,,,,,,,,,,,,,,,,,,N,N,N,N,,,,,,,,,,,,0,,,,,N,,,0,,,,,,,,N,0,N,,,,,,,
WN.0502.7,SALSA SOYA IMPERIAL 21.8 KG,PZA,0,N,,,,,,,,,,,,N,Y,Y,N,N,N,N,,,,,,,,,,,,Y,,,N,,,,,N,,0,0,,0,,0,0,0,0,0,0,0,0,0,0,0,,,,,3,3,3,0,0,,,,,,,,,,,,,,,,,,N,N,N,N,,,,,,,,,,,,0,,,,,N,,,0,,,,,,,,N,0,N,,,,,,,
WN.0505.5,SALSA SOYA IMPERIAL 5.6 KG,PZA,0,N,,,,,,,,,,,,N,Y,Y,N,N,N,N,,,,,,,,,,,,Y,,,N,,,,,N,,0,0,,0,,0,0,0,0,0,0,0,0,0,0,0,,,,,8,8,8,0,0,,,,,,,,,,,,,,,,,,N,N,N,N,,,,,,,,,,,,0,,,,,N,,,0,,,,,,,,N,0,N,,,,,,,
LG1703-1,NO USAR!!SALSA TIPO CATSUP BOLSA 3 KILOS,PZA,0,N,,,,,,,,,,,,N,Y,Y,N,N,N,N,,PZA,,,,,,,,,,Y,,,N,,,,,N,,0,0,,0,,0,0,0,0,0,0,0,0,0,0,0,,,,,-30,-30,-30,0,0,,,,,,,,,,,,,,,,,,N,N,N,N,,,,,,,,,,,,0,,,,,N,,,0,,,,,,,,N,0,N,,,,,,,
MERMA,MERMA,KG,0,N,,,,,,,,,,,,N,Y,Y,N,N,N,N,,KG,,,,,,,,,,Y,,,N,,,,,N,,0,0,,0,,0,0,0,0,0,0,0,0,0,0,0,,,,,0,0,0,0,0,,,,,,,,,,,,,,,,,,N,N,N,N,,,,,,,,,,,,0,,,,,N,,,0,,,,,,,,N,0,N,,,,,,,
RG1511,ACEITE AVE FRY DE SOYA (PORRON DE 20 LT),PZA,0,N,,,,,,,,ACEITES,Food Service,,,N,Y,Y,N,N,N,N,,PZA,,,,ALM-BT,RG1511,,,,,Y,,,N,,,,,N,,0,0,,0,,0,0,0,0,0,0,0,0,0,0,0,,,,,4,4,4,0,0,,,,,,,,,,,,,,,,,,N,N,N,N,,,,,,,,,,,,0,IVA0,,,,N,,,0,,,,,,,,N,0,N,,,,,,,
SN1000038222,DELTAROME PECHUGA DE PAVO AHUMADA,KG,0,N,,,,,,,,SABORES,Savory,,,N,Y,Y,N,N,N,N,,,,,,ALM-GENERAL,SN1000038222,,,,,Y,,,N,,,,,N,,0,0,,0,,0,0,0,0,0,0,0,0,0,0,0,,,,,0,0,0,300,0,PRECIO Y COSTO EN USD,,,,,,,,,,,,,,,,,N,N,N,N,,,,,,,,,,,,0,IVA,,,,N,,,0,,,,,,,,N,0,N,,,,,,,
GM002,DESENGRASANTE CITRICO / PORRON 20L,PZA,0,N,,,,,,,,SANITIZANTE,,,,N,Y,Y,N,N,N,N,,PZA,,,,,,,,,,Y,,,N,,,,,N,,0,0,,0,,0,0,0,0,0,0,0,0,0,0,0,,,,,0,0,0,0,0,,,,,,,,,,,,,,,,,,N,N,N,N,,,,,,,,,,,,0,IVA,,,,N,,,0,,,,,,,,N,0,N,,,,,,,
2876964,CASSIA FELCOFIX EXTRA 787,KG,0,N,,,,,,,,SABORES,Savory,,,N,Y,Y,N,N,N,N,,KG,,,,,,,,,,Y,,,N,,,,,N,,0,0,,0,,0,0,0,0,0,0,0,0,0,0,0,,,,,0,0,0,0,0,,,,,,,,,,,,,,,,,,N,N,N,N,,,,,,,,,,,,0,,,,,N,,,0,,,,,,,,N,0,N,,,,,,,
BT0434,LIMPIABAÑOS CAJA CON 4 GALONES,PZA,0,N,,,,,,,,,,,,N,Y,Y,N,N,N,N,,,,,,,,,,,,Y,,,N,,,,,N,,0,0,,0,,0,0,0,0,0,0,0,0,0,0,0,,,,,0,0,0,0,0,,,,,,,,,,,,,,,,,,N,N,N,N,,,,,,,,,,,,0,IVA,,,,N,,,0,,,,,,,,N,0,N,,,,,,,
BT0435,GERMICIDA CAJA CON 4 GALONES,PZA,0,N,,,,,,,,,,,,N,Y,Y,N,N,N,N,,,,,,,,,,,,Y,,,N,,,,,N,,0,0,,0,,0,0,0,0,0,0,0,0,0,0,0,,,,,2,2,2,0,2,,,,,,,,,,,,,,,,,,N,N,N,N,,,,,,,,,,,,0,IVA,,,,N,,,0,,,,,,,,N,0,N,,,,,,,
SN1000038455,SEASAROME SALCHICHA V.1,KG,0,N,,,,,,,,SAZONADOR,Savory,,,N,Y,Y,N,N,N,N,,,,,,ALM-GENERAL,SN1000038455,,,,,Y,,,N,,,,,N,,0,0,,0,,0,0,0,0,0,0,0,0,0,0,0,,,,,25,25,25,0,0,PRECIO Y COSTO EN USD,,,,,,,,,,,,,,,,,N,N,N,N,,,,,,,,,,,,0,IVA,,,,N,,,0,,,,,,,,N,0,N,,,,,,,
SN1000057159,FRESA SABORIZANTE SX,KG,0,N,,,,,,,,SABORES,Savory,,,N,Y,Y,N,N,N,N,,KG,,,,ALM-GENERAL,SN1000057159,,,,,Y,,,N,,,,,N,,0,0,,0,,0,0,0,0,0,0,0,0,0,0,0,,,,,0,0,0,0,0,"COSTO USD, PRECIO MEX$",,,,,,,,,FRESA SX 57159,,,,,,,,N,N,N,N,,,,,,,,,,,,0,IVA,,,,N,,,0,,,,,,,,N,0,N,,,,,,,
SN1000052161,MANGO SABORIZANTE SX,KG,0,N,,,,,,,,SABORES,Savory,,,N,Y,Y,N,N,N,N,,KG,,,,ALM-GENERAL,SN1000052161,,,,,Y,,,N,,,,,N,,0,0,,0,,0,0,0,0,0,0,0,0,0,0,0,,,,,0,0,0,0,0,"COSTO USD, PRECIO MEX$",,,,,,,,,MANGO SX 52161,,,,,,,,N,N,N,N,,,,,,,,,,,,0,IVA,,,,N,,,0,,,,,,,,N,0,N,,,,,,,
LG1734,ADEREZO CESAR/CAJA CON 342 SOBRES DE 28g,PZA,0,N,,,,,,,,,,,,N,Y,Y,N,N,N,N,,PZA,,,,ALM-BT,LG1734,,,,,Y,,,N,,,,,N,,0,0,,0,,0,0,0,0,0,0,0,0,0,0,0,,,,,2,2,2,0,0,,,,,,,,,,,,,,,,,,N,N,N,N,,,,,,,,,,,,0,IVA0,,,,N,,,0,,,,,,,,N,0,N,,,,,,,
LG1735,ADEREZO RANCH/CAJA CON 342 SOBRES DE 28g,PZA,0,N,,,,,,,,,,,,N,Y,Y,N,N,N,N,,PZA,,,,ALM-BT,LG1735,,,,,Y,,,N,,,,,N,,0,0,,0,,0,0,0,0,0,0,0,0,0,0,0,,,,,2,2,2,0,0,,,,,,,,,,,,,,,,,,N,N,N,N,,,,,,,,,,,,0,IVA0,,,,N,,,0,,,,,,,,N,0,N,,,,,,,
LG1736,ADEREZO MIL ISLAS /CAJA C/342 SOBRES 28g,PZA,0,N,,,,,,,,,,,,N,Y,Y,N,N,N,N,,PZA,,,,ALM-BT,LG1736,,,,,Y,,,N,,,,,N,,0,0,,0,,0,0,0,0,0,0,0,0,0,0,0,,,,,0,0,0,0,0,,,,,,,,,,,,,,,,,,N,N,N,N,,,,,,,,,,,,0,IVA0,,,,N,,,0,,,,,,,,N,0,N,,,,,,,
LG1737,ADEREZO BLUE CHEESE/CAJA 342 SOBRES 28g,PZA,0,N,,,,,,,,,,,,N,Y,Y,N,N,N,N,,PZA,,,P0027,ALM-BT,LG1737,,,,,Y,,,N,,,,,N,,0,0,,0,,0,0,0,0,0,0,0,0,0,0,0,,,,,2,2,2,0,0,,,,,,,,,,,,,,,,,,N,N,N,N,,,,,,,,,,,,0,IVA0,,,,N,,,0,,,,,,,,N,0,N,,,,,,,
LG1738,ADEREZO ITALIANO/CAJA CON 342 SOBRES 28g,PZA,0,N,,,,,,,,,,,,N,Y,Y,N,N,N,N,,PZA,,,,ALM-BT,LG1738,,,,,Y,,,N,,,,,N,,0,0,,0,,0,0,0,0,0,0,0,0,0,0,0,,,,,0,0,0,0,0,,,,,,,,,,,,,,,,,,N,N,N,N,,,,,,,,,,,,0,IVA0,,,,N,,,0,,,,,,,,N,0,N,,,,,,,
LG1729,SALSA TIPO INGLESA 3.9 KG/4 GAL,PZA,0,N,,,,,,,,,,,,N,Y,Y,N,N,N,N,,PZA,,,,ALM-BT,LG1729,,,,,Y,,,N,,,,,N,,0,0,,0,,0,0,0,0,0,0,0,0,0,0,0,,,,,1,1,1,0,0,,,,,,,,,,,,,,,,,,N,N,N,N,,,,,,,,,,,,0,IVA0,,,,N,,,0,,,,,,,,N,0,N,,,,,,,
LG1730,SALSA SAZONADORA 4.1 KG/4 GARRAFAS,PZA,0,N,,,,,,,,,,,,N,Y,Y,N,N,N,N,,PZA,,,,ALM-BT,LG1730,,,,,Y,,,N,,,,,N,,0,0,,0,,0,0,0,0,0,0,0,0,0,0,0,,,,,1,1,1,0,0,,,,,,,,,,,,,,,,,,N,N,N,N,,,,,,,,,,,,0,IVA0,,,,N,,,0,,,,,,,,N,0,N,,,,,,,
SN14061373,PVH 448 TAMBOR PLASTICO 250 KG,KG,0,N,,,,,,,,PVH,Savory,,,N,Y,Y,N,N,N,N,,KG,,,,ALM-GENERAL,SN14061373,,,,,Y,,,N,,,,,N,,0,0,,0,,0,0,0,0,0,0,0,0,0,0,0,,,,,3000,3000,3000,0,0,,,,,,,,,,PVH 448 TAMBOR,,,,,,,,N,N,N,N,,,,,,,,,,,,0,IVA,,,,N,,,0,,,,,,,,N,0,N,,,,,,,
RG1520,ACEITE AVE MIXTO (12 BOTELLAS DE 900 ML),PZA,0,N,,,,,,,,ACEITES,Food Service,,,N,Y,Y,N,N,N,N,,PZA,,,,ALM-BT,RG1520,,,,,Y,,,N,,,,,N,,0,0,,0,,0,0,0,0,0,0,0,0,0,0,0,,,,,20,20,20,0,0,,,,,,,,,,AC. AVE (12X900ML),,,,,,,,N,N,N,N,,,,,,,,,,,,0,IVA0,,,,N,,,0,,,,,,,,N,0,N,,,,,,,
DG001,SAL PORCIONADA CAJA C/3000 PZS DE 0.5 GR,PZA,0,N,,,,,,,,BTS/FOOD SERV,Food Service,,,N,Y,Y,N,N,N,N,,PZA,,,,ALM-BT,DG001,,,,,Y,,,N,,,A,,N,,0,0,,0,,0,0,0,0,0,0,0,0,0,0,0,,,,,1,1,1,0,0,,,,,,,,,,SAL,,,,,,,,N,N,N,N,,,,,,,,,,,,0,IVA0,,,,N,,,0,,,,,,,,N,0,N,,,,,,,
SN1000052380,FRESA V.1 FELCOFIX SABORIZANTE,KG,0,N,,,,,,,,SABORES,Beverages,,,N,Y,Y,N,N,N,N,,KG,,,,ALM-GENERAL,SN1000052380,,,,,Y,,,N,,,,,N,,0,0,,0,,0,0,0,0,0,0,0,0,0,0,0,,,,,50,50,50,0,0,COSTO Y PRECIO EN USD,,,,,,,,,FRESA IDRAPOWER,,,,,,,,N,N,N,N,,,,,,,,,,,,0,IVA,,,,N,,,0,,,,,,,,N,0,N,,,,,,,
SN1000064028,CHOCOLATE DARK S FELCOFIX,KG,0,N,,,,,,,,SABORES,Bakery,,,N,Y,Y,N,N,N,N,,KG,,,,ALM-GENERAL,SN1000064028,,,,,Y,,,N,,,,,N,,0,0,,0,,0,0,0,0,0,0,0,0,0,0,0,,,,,0,0,0,0,0,COSTO Y PRECIO USD,,,,,,,,,CHOCOLATE DARK FFX,,,,,,,,N,N,N,N,,,,,,,,,,,,0,IVA,,,,N,,,0,,,,,,,,N,0,N,,,,,,,
SN1000064029,CHOCOLATE CLARO S FELCOFIX,KG,0,N,,,,,,,,SABORES,Bakery,,,N,Y,Y,N,N,N,N,,KG,,,,ALM-GENERAL,SN1000064029,,,,,Y,,,N,,,,,N,,0,0,,0,,0,0,0,0,0,0,0,0,0,0,0,,,,,0,0,0,0,0,COSTO Y PRECIO USD,,,,,,,,,CHOCOLATE CLARO FFX,,,,,,,,N,N,N,N,,,,,,,,,,,,0,IVA,,,,N,,,0,,,,,,,,N,0,N,,,,,,,
SN1000020336,PIÑA SABORIZANTE SENSOFIX,KG,0,N,,,,,,,,SABORES,Confectionery,,,N,Y,Y,N,N,N,N,,,,,,ALM-GENERAL,SN1000020336,,,,,Y,,,N,,,,,N,,0,0,,0,,0,0,0,0,0,0,0,0,0,0,0,,,,,25,25,25,0,0,COSTO Y PRECIO EN USD,,,,,,,,,PIÑA LA IMPERIAL,,,,,,,,N,N,N,N,,,,,,,,,,,,0,IVA,,,,N,,,0,,,,,,,,N,0,N,,,,,,,
CLC001,NACHOS DE JALAPEÑO EN BOLSA DE 3100 G,BL,0,N,,,,,,,,,Food Service,,,N,Y,Y,N,N,N,N,,,,,,ALM-BT,CLC001,,,,,Y,,,N,,,,,N,,0,0,,0,,0,0,0,0,0,0,0,0,0,0,0,,,,,12,12,12,0,0,,,,,,,,,,,,,,,,,,N,N,N,N,,,,,,,,,,,,0,IVA0,,,,N,,,0,,,,,,,,N,0,N,,,,,,,
CLC002,NO USAR!!!  PASTA DE TOMATE EN BOLSA,PZA,0,N,,,,,,,,,Food Service,,,N,Y,Y,N,N,N,N,,,,,,ALM-BT,CLC002,,,,,Y,,,N,,,,,N,,0,0,,0,,0,0,0,0,0,0,0,0,0,0,0,,,,,0,0,0,0,0,,,,,,,,,,,,,,,,,,N,N,N,N,,,,,,,,,,,,0,IVA0,,,,N,,,0,,,,,,,,N,0,N,,,,,,,
CLC003,PURE DE TOMATE EN BOLSA DE 3000 G,BL,0,N,,,,,,,,,Food Service,,,N,Y,Y,N,N,N,N,,,,,,ALM-BT,CLC003,,,,,Y,,,N,,,,,N,,0,0,,0,,0,0,0,0,0,0,0,0,0,0,0,,,,,40,40,40,0,0,,,,,,,,,,,,,,,,,,N,N,N,N,,,,,,,,,,,,0,IVA0,,,,N,,,0,,,,,,,,N,0,N,,,,,,,
CLC004,SALSA PARA PIZZA EN BOLSA DE 3000 G,BL,0,N,,,,,,,,,Food Service,,,N,Y,Y,N,N,N,N,,PZA,,,,ALM-BT,CLC004,,,,,Y,,,N,,,,,N,,0,0,,0,,0,0,0,0,0,0,0,0,0,0,0,,,,,41,41,41,0,0,,,,,,,,,,,,,,,,,,N,N,N,N,,,,,,,,,,,,0,IVA0,,,,N,,,0,,,,,,,,N,0,N,,,,,,,
CLC005,SALSA TIPO CATSUP EN BOLSA DE 3000 G,BL,0,N,,,,,,,,,Food Service,,,N,Y,Y,N,N,N,N,,,,,,ALM-BT,CLC005,,,,,Y,,,N,,,,,N,,0,0,,0,,0,0,0,0,0,0,0,0,0,0,0,,,,,73,73,73,0,0,,,,,,,,,,,,,,,,,,N,N,N,N,,,,,,,,,,,,0,IVA0,,,,N,,,0,,,,,,,,N,0,N,,,,,,,
CLC006,MAYONESA EN BOLSA DE 2700 G,BL,0,N,,,,,,,,,Food Service,,,N,Y,Y,N,N,N,N,,,,,,ALM-BT,CLC006,,,,,Y,,,N,,,,,N,,0,0,,0,,0,0,0,0,0,0,0,0,0,0,0,,,,,8,8,8,0,0,,,,,,,,,,,,,,,,,,N,N,N,N,,,,,,,,,,,,0,IVA0,,,,N,,,0,,,,,,,,N,0,N,,,,,,,
CLC007,MAYONESA ADEREZO EN BOLSA DE 3000 G,BL,0,N,,,,,,,,,Food Service,,,N,Y,Y,N,N,N,N,,,,,,ALM-BT,CLC007,,,,,Y,,,N,,,,,N,,0,0,,0,,0,0,0,0,0,0,0,0,0,0,0,,,,,21,21,21,0,0,,,,,,,,,,,,,,,,,,N,N,N,N,,,,,,,,,,,,0,IVA0,,,,N,,,0,,,,,,,,N,0,N,,,,,,,
CLC008,PASTA DE TOMATE EN BOLSA DE 3000 G,BL,0,N,,,,,,,,,Food Service,,,N,Y,Y,N,N,N,N,,,,,P0030,ALM-BT,CLC008,,,,,Y,,,N,,,,,N,,0,0,,0,,0,0,0,0,0,0,0,0,0,0,0,,,,,72,72,72,0,0,,,,,,,,,,,,,,,,,,N,N,N,N,,,,,,,,,,,,0,IVA0,,,,N,,,0,,,,,,,,N,0,N,,,,,,,
LG1739,MARINADOR PARA POLLO / 25 KG,KG,0,N,,,,,,,,SAZONADOR,Savory,,,N,Y,Y,N,N,N,N,,,,,,ALM-BT,LG1739,,,,,Y,,,N,,,,,N,,0,0,,0,,0,0,0,0,0,0,0,0,0,0,0,,,,,125,125,125,0,0,,,,,,,,,,,,,,,,,,N,N,N,N,,,,,,,,,,,,0,IVA,,,,N,,,0,,,,,,,,N,0,N,,,,,,,
LG1740,SALSA PARA ALITAS / GALON 3.75 KG,GL,0,N,,,,,,,,,Food Service,,,N,Y,Y,N,N,N,N,,GL,,,P0038,ALM-BT,LG1740,,,,,Y,,,N,,,,,N,,0,0,,0,,0,0,0,0,0,0,0,0,0,0,0,,,,,-8,-8,-8,0,0,,,,,,,,,,,,,,,,,,N,N,N,N,,,,,,,,,,,,0,IVA0,,,,N,,,0,,,,,,,,N,0,N,,,,,,,
LG1741,BAÑO CHF 12.5 KG.,KG,0,N,,,,,,,,,Bakery,,,N,Y,Y,N,N,N,N,,KG,,,,ALM-BT,LG1741,,,,,Y,,,N,,,,,N,,0,0,,0,,0,0,0,0,0,0,0,0,0,0,0,,,,,12.5,12.5,12.5,0,0,,,,,,,,,,,,,,,,,,N,N,N,N,,,,,,,,,,,,0,IVA0,,,,N,,,0,,,,,,,,N,0,N,,,,,,,
LG1742,EMPANIZADOR CHF 25 KG.,KG,0,N,,,,,,,,,Bakery,,,N,Y,Y,N,N,N,N,,KG,,,,ALM-BT,LG1742,,,,,Y,,,N,,,,,N,,0,0,,0,,0,0,0,0,0,0,0,0,0,0,0,,,,,0,0,0,0,0,,,,,,,,,,,,,,,,,,N,N,N,N,,,,,,,,,,,,0,IVA0,,,,N,,,0,,,,,,,,N,0,N,,,,,,,
SN1000069057,JALAPEÑO V2 SEASAROME,KG,0,N,,,,,,,,SAZONADOR,Savory,,,N,Y,Y,N,N,N,N,,KG,,,,ALM-GENERAL,SN1000069057,,,,,Y,,,N,,,,,N,,0,0,,0,,0,0,0,0,0,0,0,0,0,0,0,,,,,0,0,0,0,0,COSTO Y PRECIO EN USD,,,,,,,,,JALAPEÑO,,,,,,,,N,N,N,N,,,,,,,,,,,,0,IVA,,,,N,,,0,,,,,,,,N,0,N,,,,,,,
LG1743,EMPANIZADOR SPICY BREADER (SACO 12.5Kg.),KG,0,N,,,,,,,,SAZONADOR,Savory,,,N,Y,Y,N,N,N,N,,KG,,,,,,,,,,Y,,,N,,,,,N,,0,0,,0,,0,0,0,0,0,0,0,0,0,0,0,,,,,0,0,0,0,0,,,,,,,,,,,,,,,,,,N,N,N,N,,,,,,,,,,,,0,IVA0,,,,N,,,0,,,,,,,,N,0,N,,,,,,,
LG1744,NO USAR!SALSA PARA ALITAS/CAJA 342X30G,PZA,0,N,,,,,,,,ADITIVOS,Savory,,,N,Y,Y,N,N,N,N,,PZA,,,,,,,,,,Y,,,N,,,,,N,,0,0,,0,,0,0,0,0,0,0,0,0,0,0,0,,,,,4,4,4,0,0,,,,,,,,,,,,,,,,,,N,N,N,N,,,,,,,,,,,,0,IVA0,,,,N,,,0,,,,,,,,N,0,N,,,,,,,
LG1745,JUGO DE LIMON (CAJA 1008 SOBRES DE 8G),PZA,0,N,,,,,,,,ADITIVOS,Savory,,,N,Y,Y,N,N,N,N,,PZA,,,,,,,,,,Y,,,N,,,,,N,,0,0,,0,,0,0,0,0,0,0,0,0,0,0,0,,,,,0,0,0,0,0,,,,,,,,,,,,,,,,,,N,N,N,N,,,,,,,,,,,,0,IVA0,,,,N,,,0,,,,,,,,N,0,N,,,,,,,
LG1746,SALSA BBQ (CAJA 250 BLISTER DE 28G),PZA,0,N,,,,,,,,,,,,N,Y,Y,N,N,N,N,,PZA,,,,,,,,,,Y,,,N,,,,,N,,0,0,,0,,0,0,0,0,0,0,0,0,0,0,0,,,,,0,0,0,0,0,,,,,,,,,,,,,,,,,,N,N,N,N,,,,,,,,,,,,0,IVA0,,,,N,,,0,,,,,,,,N,0,N,,,,,,,
LG1747,HARINA PARA PIZZA 12.50Kg.,KG,0,N,,,,,,,,HARINA,Bakery,,,N,Y,Y,N,N,N,N,,KG,,,,,,,,,,Y,,,N,,,,,N,,0,0,,0,,0,0,0,0,0,0,0,0,0,0,0,,,,,1,1,1,0,0,,,,,,,,,,,,,,,,,,N,N,N,N,,,,,,,,,,,,0,IVA0,,,,N,,,0,,,,,,,,N,0,N,,,,,,,
LG1748,HARINA PARA PIZZA SIN LEVADURA 20Kg.,KG,0,N,,,,,,,,HARINA,Bakery,,,N,Y,Y,N,N,N,N,,KG,,,,,,,,,,Y,,,N,,,,,N,,0,0,,0,,0,0,0,0,0,0,0,0,0,0,0,,,,,0,0,0,0,0,,,,,,,,,,,,,,,,,,N,N,N,N,,,,,,,,,,,,0,IVA0,,,,N,,,0,,,,,,,,N,0,N,,,,,,,
CLC009,NACHO JALAPEÑO CAJA 6 X2.8 KG,PZA,0,N,,,,,,,,,Food Service,,,N,Y,Y,N,N,N,N,,PZA,,,,,,,,,,Y,,,N,,,,,N,,0,0,,0,,0,0,0,0,0,0,0,0,0,0,0,,,,,261,261,261,0,0,,,,,PRECIO INCLUYE 12% DESCUENTO,,,,,,,,,,,,,N,N,N,N,,,,,,,,,,,,0,IVA0,,,,N,,,0,,,,,,,,N,0,N,,,,,,,
CLC010,FRIJOLES ESTILO RANCH CJ 12/410 G,PZA,0,N,,,,,,,,,Food Service,,,N,Y,Y,N,N,N,N,,PZA,,,,,,,,,,Y,,,N,,,,,N,,0,0,,0,,0,0,0,0,0,0,0,0,0,0,0,,,,,24,24,24,0,0,,,,,,,,,,,,,,,,,,N,N,N,N,,,,,,,,,,,,0,IVA0,,,,N,,,0,,,,,,,,N,0,N,,,,,,,
CLC011,DURAZNO EN MITADES CAJA 12/820 G,PZA,0,N,,,,,,,,,Food Service,,,N,Y,Y,N,N,N,N,,PZA,,,,,,,,,,Y,,,N,,,,,N,,0,0,,0,,0,0,0,0,0,0,0,0,0,0,0,,,,,36,36,36,0,0,,,,,,,,,,,,,,,,,,N,N,N,N,,,,,,,,,,,,0,IVA0,,,,N,,,0,,,,,,,,N,0,N,,,,,,,
CLC012,PIÑA EN TROCITOS CAJA 6/3 KG,PZA,0,N,,,,,,,,,Food Service,,,N,Y,Y,N,N,N,N,,PZA,,,,,,,,,,Y,,,N,,,,,N,,0,0,,0,,0,0,0,0,0,0,0,0,0,0,0,,,,,110,110,110,0,0,,,,,,,,,,,,,,,,,,N,N,N,N,,,,,,,,,,,,0,IVA0,,,,N,,,0,,,,,,,,N,0,N,,,,,,,
CLC013,PIÑA EN REBANADAS CAJA 12/800 G,PZA,0,N,,,,,,,,,Food Service,,,N,Y,Y,N,N,N,N,,PZA,,,,,,,,,,Y,,,N,,,,,N,,0,0,,0,,0,0,0,0,0,0,0,0,0,0,0,,,,,23,23,23,0,0,,,,,,,,,,,,,,,,,,N,N,N,N,,,,,,,,,,,,0,IVA0,,,,N,,,0,,,,,,,,N,0,N,,,,,,,
CLC014,MANGO EN REBANADAS CAJA 12/800 G,PZA,0,N,,,,,,,,,Food Service,,,N,Y,Y,N,N,N,N,,PZA,,,,,,,,,,Y,,,N,,,,,N,,0,0,,0,,0,0,0,0,0,0,0,0,0,0,0,,,,,36,36,36,0,0,,,,,,,,,,,,,,,,,,N,N,N,N,,,,,,,,,,,,0,IVA0,,,,N,,,0,,,,,,,,N,0,N,,,,,,,
CLC015,PERAS EN MITADES CAJA 12/820 G,PZA,0,N,,,,,,,,,,,,N,Y,Y,N,N,N,N,,PZA,,,,,,,,,,Y,,,N,,,,,N,,0,0,,0,,0,0,0,0,0,0,0,0,0,0,0,,,,,12,12,12,0,0,,,,,,,,,,,,,,,,,,N,N,N,N,,,,,,,,,,,,0,IVA0,,,,N,,,0,,,,,,,,N,0,N,,,,,,,
AEGNPL01,PERSIAN LIME COLD PRESSED OIL,KG,0,N,,,,,,,,CITRICOS,Otros,,,N,Y,Y,N,N,N,N,,KG,,,,ALM-GENERAL,AEGNPL01,,,,,Y,,,N,,,,,N,,0,0,,0,,0,0,0,0,0,0,0,0,0,0,0,,,,,0,0,0,0,0,"COSTO USD DDP HIDALGO, TX",,,,,,,,,,,,,,,,,N,N,N,N,,,,,,,,,,,,0,IVA,,,,N,,,0,,,,,,,,N,0,N,,,,,,,
59179476,STABILAC 12 / PORRON 25 KG,KG,0,N,,,,,,,,ADITIVOS,Dairy,,,N,Y,Y,N,N,N,N,,KG,,,,ALM-GENERAL,59179476,,,,,Y,,,N,,,,,N,,0,0,,0,,0,0,0,0,0,0,0,0,0,0,0,,,,,0,0,0,0,0,,,,,,,,,,,,,,,,,,N,N,N,N,,,,,,,,,,,,0,IVA,,,,N,,,0,,,,,,,,N,0,N,,,,,,,
SN1000027993,STABILIZER QC3200/CAJA 25 KG,KG,0,N,,,,,,,,ADITIVOS,Dairy,,,N,Y,Y,N,N,N,N,,KG,,,,ALM-GENERAL,SN1000027993,,,,,Y,,,N,,,,,N,,0,0,,0,,0,0,0,0,0,0,0,0,0,0,0,,,,,0,0,0,0,0,,,,,,,,,,,,,,,,,,N,N,N,N,,,,,,,,,,,,0,IVA,,,,N,,,0,,,,,,,,N,0,N,,,,,,,
SBMX001,CHILES JALAPEÑOS ENTEROS 2800 G,PZA,0,N,,,,,,,,,,,,N,Y,Y,N,N,N,N,,PZA,,,,ALM-BT,SBMX001,,,,,Y,,,N,,,,,N,,0,0,,0,,0,0,0,0,0,0,0,0,0,0,0,,,,,-1,-1,-1,0,0,,,,,,,,,,,,,,,,,,N,N,N,N,,,,,,,,,,,,0,IVA0,,,,N,,,0,,,,,,,,N,0,N,,,,,,,
SBMX002,NACHOS DE CHILES JALAPEÑOS CJ 6L/2800 GR,PZA,0,N,,,,,,,,,,,,N,Y,Y,N,N,N,N,,PZA,,,,ALM-BT,SBMX002,,,,,Y,,,N,,,,,N,,0,0,,0,,0,0,0,0,0,0,0,0,0,0,0,,,,,6,6,6,0,0,,,,,,,,,,,,,,,,,,N,N,N,N,,,,,,,,,,,,0,IVA0,,,,N,,,0,,,,,,,,N,0,N,,,,,,,
SN1000080987,PVH 2000 S/A S/P 30 KG,KG,0,N,,,,,,,,PVH,Savory,,,N,Y,Y,N,N,N,N,,KG,,,,ALM-GENERAL,SN1000080987,,,,,Y,,,N,,,,,N,,0,0,,0,,0,0,0,0,0,0,0,0,0,0,0,,,,,6360,6360,6360,10020,0,,,,,,,,,,PVH 2000,,,,,,,,N,N,N,N,,,,,,,,,,,,0,IVA,,,,N,,,0,,,,,,,,N,0,N,,,,,,,
HDM001,CHAMPIÑON CHAMPIMEX REBANADO_LATA 2835 G,PZA,0,N,,,,,,,,,Food Service,,,N,Y,Y,N,N,N,N,,PZA,,,,ALM-BT,HDM001,,,,,Y,,,N,,,,,N,,0,0,,0,,0,0,0,0,0,0,0,0,0,0,0,,,,,202,202,202,0,0,,,,,,,,,,,,,,,,,,N,N,N,N,,,,,,,,,,,,0,IVA0,,,,N,,,0,,,,,,,,N,0,N,,,,,,,
CLC016,SALSA CATSUP PZA DE 3.250 KG,PZA,0,N,,,,,,,,,Food Service,,,N,Y,Y,N,N,N,N,,PZA,,,,ALM-BT,CLC016,,,,,Y,,,N,,,,,N,,0,0,,0,,0,0,0,0,0,0,0,0,0,0,0,,,,,9,9,9,0,0,,,,,,,,,,,,,,,,,,N,N,N,N,,,,,,,,,,,,0,IVA0,,,,N,,,0,,,,,,,,N,0,N,,,,,,,
CLC017,MAYONESA C/J DE LIMON PZA DE 3600G,PZA,0,N,,,,,,,,,Food Service,,,N,Y,Y,N,N,N,N,,PZA,,,,ALM-BT,CLC017,,,,,Y,,,N,,,,,N,,0,0,,0,,0,0,0,0,0,0,0,0,0,0,0,,,,,15,15,15,0,0,,,,,,,,,,,,,,,,,,N,N,N,N,,,,,,,,,,,,0,IVA0,,,,N,,,0,,,,,,,,N,0,N,,,,,,,
VCM01,VINAGRE CIERVO MANZANA 4/4000ML,PZA,0,N,,,,,,,,,,,,N,Y,Y,N,N,N,N,,,,,,,,,,,,Y,,,N,,,,,N,,0,0,,0,,0,0,0,0,0,0,0,0,0,0,0,,,,,-10,-10,-10,0,0,,,,,,,,,,,,,,,,,,N,N,N,N,,,,,,,,,,,,0,IVA0,,,,N,,,0,,,,,,,,N,0,N,,,,,,,
VCB01,VINAGRE CIERVO BLANCO 4/4000ML,PZA,0,N,,,,,,,,,,,,N,Y,Y,N,N,N,N,,,,,,,,,,,,Y,,,N,,,,,N,,0,0,,0,,0,0,0,0,0,0,0,0,0,0,0,,,,,47,47,47,0,0,,,,,,,,,,,,,,,,,,N,N,N,N,,,,,,,,,,,,0,IVA0,,,,N,,,0,,,,,,,,N,0,N,,,,,,,
DTT6BAP,6-BENZYLAMINO-PURINE 99% TC,KG,0,N,,,,,,,,,,,,N,Y,Y,N,N,N,N,,KG,,,,,,,,,,Y,,,N,,,,,N,,0,0,,0,,0,0,0,0,0,0,0,0,0,0,0,,,,,-25,-25,-25,0,0,,,,,,,,,,,,,,,,,,N,N,N,N,,,,,,,,,,,,0,IVA0,,,,N,,,0,,,,,,,,N,0,N,,,,,,,
DTTNAA,1-NAPHTALENEACETIC ACID (NAA),KG,0,N,,,,,,,,,,,,N,Y,Y,N,N,N,N,,KG,,,,,,,,,,Y,,,N,,,,,N,,0,0,,0,,0,0,0,0,0,0,0,0,0,0,0,,,,,-20,-20,-20,0,0,,,,,,,,,,,,,,,,,,N,N,N,N,,,,,,,,,,,,0,IVA0,,,,N,,,0,,,,,,,,N,0,N,,,,,,,
DTTIBA,3-INDOLEBUTYRIC ACID (IBA),KG,0,N,,,,,,,,,,,,N,Y,Y,N,N,N,N,,KG,,,,,,,,,,Y,,,N,,,,,N,,0,0,,0,,0,0,0,0,0,0,0,0,0,0,0,,,,,0,0,0,0,0,,,,,,,,,,,,,,,,,,N,N,N,N,,,,,,,,,,,,0,IVA0,,,,N,,,0,,,,,,,,N,0,N,,,,,,,
DTTGA3,GIBBERELLIC ACID (GA3) 90% TC,KG,0,N,,,,,,,,,,,,N,Y,Y,N,N,N,N,,KG,,,,,,,,,,Y,,,N,,,,,N,,0,0,,0,,0,0,0,0,0,0,0,0,0,0,0,,,,,0,0,0,0,0,,,,,,,,,,,,,,,,,,N,N,N,N,,,,,,,,,,,,0,IVA0,,,,N,,,0,,,,,,,,N,0,N,,,,,,,
CLC018,SALSA FRANK'S RED HOT ALITAS 3.78L,PZA,0,N,,,,,,,,,Food Service,,,N,Y,Y,N,N,N,N,,,,,,,,,,,,Y,,,N,,,,,N,,0,0,,0,,0,0,0,0,0,0,0,0,0,0,0,,,,,0,0,0,0,0,,,,,,,,,,,,,,,,,,N,N,N,N,,,,,,,,,,,,0,IVA0,,,,N,,,0,,,,,,,,N,0,N,,,,,,,
DTTCPPU,FORCHLORFENURON (CPPU) 99%,KG,0,N,,,,,,,,,,,,N,Y,Y,N,N,N,N,,KG,,,,,,,,,,Y,,,N,,,,,N,,0,0,,0,,0,0,0,0,0,0,0,0,0,0,0,,,,,0,0,0,0,0,,,,,,,,,,,,,,,,,,N,N,N,N,,,,,,,,,,,,0,IVA0,,,,N,,,0,,,,,,,,N,0,N,,,,,,,
SN2000010729,UVA SABORIZANTE FX,KG,0,N,,,,,,,,SABORES,Beverages,,,N,Y,Y,N,N,N,N,,KG,,,,,,,,,,Y,,,N,,,,,N,,0,0,,0,,0,0,0,0,0,0,0,0,0,0,0,,,,,0,0,0,0,0,,,,,,,,,,,,,,,,,,N,N,N,N,,,,,,,,,,,,0,IVA,,,,N,,,0,,,,,,,,N,0,N,,,,,,,
ETIQCOLOR,ETIQUETA COLORES GENING,PZA,0,N,,,,,,,,,Otros,,,N,Y,Y,N,N,N,N,,PZA,,,,,,,,,,Y,,,N,,,,,N,,0,0,,0,,0,0,0,0,0,0,0,0,0,0,0,,,,,0,0,0,0,0,,,,,,,,,,,,,,,,,,N,N,N,N,,,,,,,,,,,,0,IVA,,,,N,,,0,,,,,,,,N,0,N,,,,,,,
COLAMG250,COLOR AMARILLO GEL,PZA,0,N,,,,,,,,COLORES,Bakery,,,N,Y,Y,N,N,N,N,,PZA,,,,,,,,,,Y,,,N,,,,,N,,0,0,,0,,0,0,0,0,0,0,0,0,0,0,0,,,,,0,0,0,0,0,,,,,,,,,,,,,,,,,,N,N,N,N,,,,,,,,,,,,0,,,,,N,,,0,,,,,,,,N,0,N,,,,,,,
COLNGG250,COLOR NEGRO GEL,PZA,0,N,,,,,,,,COLORES,Bakery,,,N,Y,Y,N,N,N,N,,PZA,,,,,,,,,,Y,,,N,,,,,N,,0,0,,0,,0,0,0,0,0,0,0,0,0,0,0,,,,,0,0,0,0,0,,,,,,,,,,,,,,,,,,N,N,N,N,,,,,,,,,,,,0,IVA,,,,N,,,0,,,,,,,,N,0,N,,,,,,,
COLRJG250,COLOR ROJO GEL,PZA,0,N,,,,,,,,COLORES,Bakery,,,N,Y,Y,N,N,N,N,,PZA,,,,,,,,,,Y,,,N,,,,,N,,0,0,,0,,0,0,0,0,0,0,0,0,0,0,0,,,,,18,18,18,0,0,,,,,,,,,,,,,,,,,,N,N,N,N,,,,,,,,,,,,0,IVA,,,,N,,,0,,,,,,,,N,0,N,,,,,,,
COLRBG250,COLOR ROSA BRILLANTE GEL,PZA,0,N,,,,,,,,COLORES,Bakery,,,N,Y,Y,N,N,N,N,,PZA,,,,,,,,,,Y,,,N,,,,,N,,0,0,,0,,0,0,0,0,0,0,0,0,0,0,0,,,,,4,4,4,0,0,,,,,,,,,,,,,,,,,,N,N,N,N,,,,,,,,,,,,0,IVA,,,,N,,,0,,,,,,,,N,0,N,,,,,,,
COLVHG250,COLOR VERDE HOJA GEL,PZA,0,N,,,,,,,,COLORES,Bakery,,,N,Y,Y,N,N,N,N,,PZA,,,,,,,,,,Y,,,N,,,,,N,,0,0,,0,,0,0,0,0,0,0,0,0,0,0,0,,,,,0,0,0,0,0,,,,,,,,,,,,,,,,,,N,N,N,N,,,,,,,,,,,,0,IVA,,,,N,,,0,,,,,,,,N,0,N,,,,,,,
COLCAG250,COLOR CAFE GEL,PZA,0,N,,,,,,,,COLORES,Bakery,,,N,Y,Y,N,N,N,N,,PZA,,,,,,,,,,Y,,,N,,,,,N,,0,0,,0,,0,0,0,0,0,0,0,0,0,0,0,,,,,0,0,0,0,0,,,,,,,,,,,,,,,,,,N,N,N,N,,,,,,,,,,,,0,IVA,,,,N,,,0,,,,,,,,N,0,N,,,,,,,
COLAZG250,COLOR AZUL GEL,PZA,0,N,,,,,,,,COLORES,Bakery,,,N,Y,Y,N,N,N,N,,PZA,,,,,,,,,,Y,,,N,,,,,N,,0,0,,0,,0,0,0,0,0,0,0,0,0,0,0,,,,,-6,-6,-6,0,0,,,,,,,,,,,,,,,,,,N,N,N,N,,,,,,,,,,,,0,IVA,,,,N,,,0,,,,,,,,N,0,N,,,,,,,
COLALG250,COLOR AMARILLO LIMON GEL,PZA,0,N,,,,,,,,COLORES,Bakery,,,N,Y,Y,N,N,N,N,,PZA,,,,,,,,,,Y,,,N,,,,,N,,0,0,,0,,0,0,0,0,0,0,0,0,0,0,0,,,,,8,8,8,0,0,,,,,,,,,,,,,,,,,,N,N,N,N,,,,,,,,,,,,0,IVA,,,,N,,,0,,,,,,,,N,0,N,,,,,,,
CLC019,DURAZNO EN MITADES LATA DE 3KG,PZA,0,N,,,,,,,,,Food Service,,,N,Y,Y,N,N,N,N,,PZA,,,,,,,,,,Y,,,N,,,,,N,,0,0,,0,,0,0,0,0,0,0,0,0,0,0,0,,,,,0,0,0,0,0,,,,,,,,,,,,,,,,,,N,N,N,N,,,,,,,,,,,,0,IVA0,,,,N,,,0,,,,,,,,N,0,N,,,,,,,
CLC020,CHIPOTLE ADOBADO 2840 G.,PZA,0,N,,,,,,,,,Food Service,,,N,Y,Y,N,N,N,N,,PZA,,,,,,,,,,Y,,,N,,,,,N,,0,0,,0,,0,0,0,0,0,0,0,0,0,0,0,,,,,146,146,146,0,0,,,,,,,,,,,,,,,,,,N,N,N,N,,,,,,,,,,,,0,IVA0,,,,N,,,0,,,,,,,,N,0,N,,,,,,,
LG1749,CONSOMÉ DE POLLO ECONÓMICO 25 KG,PZA,0,N,,,,,,,,SAZONADOR,Savory,,,N,Y,Y,N,N,N,N,,PZA,,,,,,,,,,Y,,,N,,,,,N,,0,0,,0,,0,0,0,0,0,0,0,0,0,0,0,,,,,1,1,1,0,0,,,,,,,,,,,,,,,,,,N,N,N,N,,,,,,,,,,,,0,IVA0,,,,N,,,0,,,,,,,,N,0,N,,,,,,,
SN1000080986,PVH M S/A S/P 30 KG,KG,0,N,,,,,,,,PVH,Savory,,,N,Y,Y,N,N,N,N,,KG,,,P0001,,,,,,,Y,,,N,,,,,N,,0,0,,0,,0,0,0,0,0,0,0,0,0,0,0,,,,,6031,6031,6031,13500,13020,,,,,,,,,,PVH M,,,,,,,,N,N,N,N,,,,,,,,,,,,0,IVA,,,,N,,,0,,,,,,,,N,0,N,,,,,,,
ESNM55,ESENCIA NARANJA MANTEQUILLA,PZA,0,N,,,,,,,,SABORES,Bakery,,,N,Y,Y,N,N,N,N,,PZA,,,,,,,,,,Y,,,N,,,,,N,,0,0,,0,,0,0,0,0,0,0,0,0,0,0,0,,,,,0,0,0,0,0,,,,,,,,,,,,,,,,,,N,N,N,N,,,,,,,,,,,,0,IVA,,,,N,,,0,,,,,,,,N,0,N,,,,,,,
MIX3LP,MIX TRES LECHES,KG,0,N,,,,,,,,SABORES,Bakery,,,N,Y,Y,N,N,N,N,,KG,,,,,,,,,,Y,,,N,,,,,N,,0,0,,0,,0,0,0,0,0,0,0,0,0,0,0,,,,,0,0,0,0,0,,,,,,,,,,,,,,,,,,N,N,N,N,,,,,,,,,,,,0,IVA0,,,,N,,,0,,,,,,,,N,0,N,,,,,,,
DESMCK,NO USAR!!! ==> CAKE RELEASE,LT,0,N,,,,,,,,ADITIVOS,Bakery,,,Y,N,N,Y,N,N,N,,LT,,,,,,,,,,Y,,,N,,,,,N,,0,0,,0,,0,0,0,0,0,0,0,0,0,0,0,,,,,0,0,0,0,0,,,,,,,,,,,,,,,,,,N,N,N,N,,,,,,,,,,,,0,IVA0,,,,N,,,0,,,,,,,,N,0,N,,,,,,,
MIXMRN,MERENGUE EN POLVO,KG,0,N,,,,,,,,,Bakery,,,N,Y,Y,N,N,N,N,,KG,,,,,,,,,,Y,,,N,,,,,N,,0,0,,0,,0,0,0,0,0,0,0,0,0,0,0,,,,,0,0,0,0,0,,,,,,,,,,,,,,,,,,N,N,N,N,,,,,,,,,,,,0,,,,,N,,,0,,,,,,,,N,0,N,,,,,,,
COLRSL,COLOR ROSA LIQ,PZA,0,N,,,,,,,,COLORES,Bakery,,,N,Y,Y,N,N,N,N,,PZA,,,,,,,,,,Y,,,N,,,,,N,,0,0,,0,,0,0,0,0,0,0,0,0,0,0,0,,,,,6,6,6,0,0,,,,,,,,,,,,,,,,,,N,N,N,N,,,,,,,,,,,,0,IVA,,,,N,,,0,,,,,,,,N,0,N,,,,,,,
COLNRG250,COLOR NARANJA GEL,PZA,0,N,,,,,,,,COLORES,Bakery,,,N,Y,Y,N,N,N,N,,PZA,,,,,,,,,,Y,,,N,,,,,N,,0,0,,0,,0,0,0,0,0,0,0,0,0,0,0,,,,,3,3,3,0,0,,,,,,,,,,,,,,,,,,N,N,N,N,,,,,,,,,,,,0,IVA,,,,N,,,0,,,,,,,,N,0,N,,,,,,,
COLAML,COLOR AMARILLO LIQ,PZA,0,N,,,,,,,,COLORES,Bakery,,,N,Y,Y,N,N,N,N,,PZA,,,,,,,,,,Y,,,N,,,,,N,,0,0,,0,,0,0,0,0,0,0,0,0,0,0,0,,,,,17,17,17,0,0,,,,,,,,,,,,,,,,,,N,N,N,N,,,,,,,,,,,,0,IVA,,,,N,,,0,,,,,,,,N,0,N,,,,,,,
SN1000019364,TAMARINDO 603037 SABORIZANTE,KG,0,N,,,,,,,,SABORES,Confectionery,,,Y,Y,Y,N,N,N,N,,KG,,,,,,,,,,Y,,,N,,,,,N,,0,0,,0,,0,0,0,0,0,0,0,0,0,0,0,,,,,0,0,0,0,0,,,,,,,,,,,,,,,,,,N,N,N,N,,,,,,,,,,,,0,,,,,N,,,0,,,,,,,,N,0,N,,,,,,,
COLMRG250,COLOR MORADO GEL,PZA,0,N,,,,,,,,COLORES,Bakery,,,N,Y,Y,N,N,N,N,,PZA,,,P0019,,,,,,,Y,,,N,,,,,N,,0,0,,0,,0,0,0,0,0,0,0,0,0,0,0,,,,,3,3,3,0,0,,,,,,,,,,,,,,,,,,N,N,N,N,,,,,,,,,,,,0,IVA,,,,N,,,0,,,,,,,,N,0,N,,,,,,,
COLNRL,COLOR NARANJA LIQ,PZA,0,N,,,,,,,,COLORES,Bakery,,,Y,Y,Y,N,N,N,N,,PZA,,,P0019,,,,,,,Y,,,N,,,,,N,,0,0,,0,,0,0,0,0,0,0,0,0,0,0,0,,,,,0,0,0,0,0,,,,,,,,,,,,,,,,,,N,N,N,N,,,,,,,,,,,,0,IVA,,,,N,,,0,,,,,,,,N,0,N,,,,,,,
DESMOLDANTE,CAKE RELEASE (PZA BOTE 4 L),PZA,0,N,,,,,,,,ADITIVOS,Food Service,,,N,Y,Y,N,N,N,N,,PZA,,,,,,,,,,Y,,,N,,,,,N,,0,0,,0,,0,0,0,0,0,0,0,0,0,0,0,,,,,0,0,0,0,0,FOOD SERVICE,,,,,,,,,,,,,,,,,N,N,N,N,,,,,,,,,,,,0,IVA0,,,,N,,,0,,,,,,,,N,0,N,,,,,,,
COLNGL,COLOR NEGRO LIQ,PZA,0,N,,,,,,,,COLORES,Bakery,,,N,Y,Y,N,N,N,N,,PZA,,,P0019,,,,,,,Y,,,N,,,,,N,,0,0,,0,,0,0,0,0,0,0,0,0,0,0,0,,,,,6,6,6,0,0,,,,,,,,,,,,,,,,,,N,N,N,N,,,,,,,,,,,,0,IVA,,,,N,,,0,,,,,,,,N,0,N,,,,,,,
CA48150,CINTA ADHESIVA 48X150 SERIE R,PZA,0,N,,,,,,,,,Otros,,,N,Y,Y,N,N,N,N,,PZA,,,,,,,,,,Y,,,N,,,,,N,,0,0,,0,,0,0,0,0,0,0,0,0,0,0,0,,,,,4,4,4,0,0,,,,,,,,,,,,,,,,,,N,N,N,N,,,,,,,,,,,,0,IVA,,,,N,,,0,,,,,,,,N,0,N,,,,,,,
CTB150,CINTA BLITZ TRANSPARENTE 048X150 MT,PZA,0,N,,,,,,,,,Otros,,,N,Y,Y,N,N,N,N,,PZA,,,,,,,,,,Y,,,N,,,,,N,,0,0,,0,,0,0,0,0,0,0,0,0,0,0,0,,,,,2,2,2,0,0,,,,,,,,,,,,,,,,,,N,N,N,N,,,,,,,,,,,,0,IVA,,,,N,,,0,,,,,,,,N,0,N,,,,,,,
CCB150,CINTA CANELA BLITZ 48X150 MT,PZA,0,N,,,,,,,,,Otros,,,N,Y,Y,N,N,N,N,,,,,,,,,,,,Y,,,N,,,,,N,,0,0,,0,,0,0,0,0,0,0,0,0,0,0,0,,,,,42,42,42,0,0,,,,,,,,,,,,,,,,,,N,N,N,N,,,,,,,,,,,,0,IVA,,,,N,,,0,,,,,,,,N,0,N,,,,,,,
CTBH150,CINTA TRANSPARENTE BLITZ HD 150 MT,PZA,0,N,,,,,,,,,Otros,,,N,Y,Y,N,N,N,N,,,,,,,,,,,,Y,,,N,,,,,N,,0,0,,0,,0,0,0,0,0,0,0,0,0,0,0,,,,,5,5,5,0,0,,,,,,,,,,,,,,,,,,N,N,N,N,,,,,,,,,,,,0,IVA,,,,N,,,0,,,,,,,,N,0,N,,,,,,,
CTBH914,CINTA TRANSPARENTE BLITZ HD 48 X 914 MT,PZA,0,N,,,,,,,,,Otros,,,N,Y,Y,N,N,N,N,,,,,,,,,,,,Y,,,N,,,,,N,,0,0,,0,,0,0,0,0,0,0,0,0,0,0,0,,,,,5,5,5,0,0,,,,,,,,,,,,,,,,,,N,N,N,N,,,,,,,,,,,,0,IVA,,,,N,,,0,,,,,,,,N,0,N,,,,,,,
ENT,GASTOS DE ENTREGA,no,0,N,,,,,,,,,,,,Y,N,N,Y,N,N,N,,,,,,,,,,,,Y,,,N,,,,,N,,0,0,,0,,0,0,0,0,0,0,0,0,0,0,0,,,,,0,0,0,1,0,,,,,,,,,,,,,,,,,,N,N,N,N,,,,,,,,,,,,0,,,,,N,,,0,,,,,,,,N,0,N,,,,,,,
COLAHL,COLOR AZUL LIQUIDO,PZA,0,N,,,,,,,,COLORES,Food Service,,,N,Y,Y,N,N,N,N,,PZA,,,P0019,,,,,,,Y,,,N,,,,,N,,0,0,,0,,0,0,0,0,0,0,0,0,0,0,0,,,,,6,6,6,0,0,,,,,,,,,,,,,,,,,,N,N,N,N,,,,,,,,,,,,0,IVA,,,,N,,,0,,,,,,,,N,0,N,,,,,,,
COLRJL,COLOR SUPER ROJO LIQ,PZA,0,N,,,,,,,,COLORES,Food Service,,,N,Y,Y,N,N,N,N,,PZA,,,P0019,,,,,,,Y,,,N,,,,,N,,0,0,,0,,0,0,0,0,0,0,0,0,0,0,0,,,,,0,0,0,0,0,,,,,,,,,,,,,,,,,,N,N,N,N,,,,,,,,,,,,0,IVA,,,,N,,,0,,,,,,,,N,0,N,,,,,,,
GA2733,SALSA HAB. ROJA SOBRE 500/10 Grs,PZA,0,N,,,,,,,,BTS/FOOD SERV,Food Service,,,N,Y,Y,N,N,N,N,,,,,,,,,,,,Y,,,N,,,B,,N,,0,0,,0,,0,0,0,0,0,0,0,0,0,0,0,,,,,3,3,3,0,0,,,,,,,,,,,,,,,,,,N,N,N,N,,,,,,,,,,,,0,IVA0,,,,N,,,0,,,,,,,,N,0,N,,,,,,,
GA3211,SALSA PICANTE EN SOBRE 500/10 GRS,PZA,0,N,,,,,,,,,,,,N,Y,Y,N,N,N,N,,,,,,,,,,,,Y,,,N,,,,,N,,0,0,,0,,0,0,0,0,0,0,0,0,0,0,0,,,,,9,9,9,0,0,,,,,,,,,,,,,,,,,,N,N,N,N,,,,,,,,,,,,0,IVA0,,,,N,,,0,,,,,,,,N,0,N,,,,,,,
CLC021,CHILES JALAPEÑOS ENTEROS LATA 3.650KG,PZA,0,N,,,,,,,,BTS/FOOD SERV,Food Service,,,N,Y,Y,N,N,N,N,,,,,,ALM-BT,CLC021,,,,,Y,,,N,,,A,,N,,0,0,,0,,0,0,0,0,0,0,0,0,0,0,0,,,,,0,0,0,0,0,,,,,,,,,,,,,,,,,,N,N,N,N,,,,,,,,,,,,0,IVA0,,,,N,,,0,,,,,,,,N,0,N,,,,,,,
ELM001,CHAMPIÑON REB EL MEXICANO_LATA 2.835 KG,PZA,0,N,,,,,,,,BTS/FOOD SERV,Food Service,,,N,Y,Y,N,N,N,N,,,,,,ALM-BT,ELM001,,,,,Y,,,N,,,B,,N,,0,0,,0,,0,0,0,0,0,0,0,0,0,0,0,,,,,4,4,4,0,0,,,,,,,,,,,,,,,,,,N,N,N,N,,,,,,,,,,,,0,IVA0,,,,N,,,0,,,,,,,,N,0,N,,,,,,,
GSS01,GALLETA SALADA CAJA 200 SOBRES 12,PZA,0,N,,,,,,,,BTS/FOOD SERV,Food Service,,,N,Y,Y,N,N,N,N,,PZA,,,,ALM-BT,GSS01,,,,,Y,,,N,,,C,,N,,0,0,,0,,0,0,0,0,0,0,0,0,0,0,0,,,,,0,0,0,0,0,,,,,,,,,,,,,,,,,,N,N,N,N,,,,,,,,,,,,0,IVA0,,,,N,,,0,,,,,,,,N,0,N,,,,,,,
SPL02,SPLENDA SUCRALOSA CAJA 700 SOBRES,PZA,0,N,,,,,,,,BTS/FOOD SERV,Food Service,,,N,Y,Y,N,N,N,N,,,,,,ALM-BT,SPL02,,,,,Y,,,N,,,C,,N,,0,0,,0,,0,0,0,0,0,0,0,0,0,0,0,,,,,0,0,0,0,0,,,,,,,,,,,,,,,,,,N,N,N,N,,,,,,,,,,,,0,IVA0,,,,N,,,0,,,,,,,,N,0,N,,,,,,,
CFM01,COFFEE MATE CAJA 200 SOBRES 4G,PZA,0,N,,,,,,,,BTS/FOOD SERV,Food Service,,,N,Y,Y,N,N,N,N,,,,,,ALM-BT,CFM01,,,,,Y,,,N,,,A,,N,,0,0,,0,,0,0,0,0,0,0,0,0,0,0,0,,,,,0,0,0,0,0,,,,,,,,,,,,,,,,,,N,N,N,N,,,,,,,,,,,,0,IVA0,,,,N,,,0,,,,,,,,N,0,N,,,,,,,
MYH01,MAYONESA HEINZ 3.5 KG,PZA,0,N,,,,,,,,BTS/FOOD SERV,Food Service,,,N,Y,Y,N,N,N,N,,,,,,ALM-BT,MYH01,,,,,Y,,,N,,,C,,N,,0,0,,0,,0,0,0,0,0,0,0,0,0,0,0,,,,,0,0,0,0,0,,,,,,,,,,,,,,,,,,N,N,N,N,,,,,,,,,,,,0,IVA0,,,,N,,,0,,,,,,,,N,0,N,,,,,,,
MFH01,MERMELADA DE FRESA HEINZ CAJA 120 PZAS,PZA,0,N,,,,,,,,BTS/FOOD SERV,Food Service,,,N,Y,Y,N,N,N,N,,,,,,ALM-BT,MFH01,,,,,Y,,,N,,,C,,N,,0,0,,0,,0,0,0,0,0,0,0,0,0,0,0,,,,,0,0,0,0,0,,,,,,,,,,,,,,,,,,N,N,N,N,,,,,,,,,,,,0,IVA0,,,,N,,,0,,,,,,,,N,0,N,,,,,,,
DM001,CATSUP DEL MONTE 3.8 KG,PZA,0,N,,,,,,,,BTS/FOOD SERV,Food Service,,,N,Y,Y,N,N,N,N,,,,,,ALM-BT,DM001,,,,,Y,,,N,,,B,,N,,0,0,,0,,0,0,0,0,0,0,0,0,0,0,0,,,,,6,6,6,0,0,,,,,,,,,,,,,,,,,,N,N,N,N,,,,,,,,,,,,0,IVA0,,,,N,,,0,,,,,,,,N,0,N,,,,,,,
DG002,AZUCAR PORCIONADA CAJA 1000 SOBRES,PZA,0,N,,,,,,,,BTS/FOOD SERV,Food Service,,,N,Y,Y,N,N,N,N,,,,,,ALM-BT,DG002,,,,,Y,,,N,,,B,,N,,0,0,,0,,0,0,0,0,0,0,0,0,0,0,0,,,,,0,0,0,0,0,,,,,,,,,,,,,,,,,,N,N,N,N,,,,,,,,,,,,0,IVA0,,,,N,,,0,,,,,,,,N,0,N,,,,,,,
PEP01,PEPINILLO LMTZ,PZA,0,N,,,,,,,,BTS/FOOD SERV,Food Service,,,N,Y,Y,N,N,N,N,,,,,,,,,,,,Y,,,N,,,C,,N,,0,0,,0,,0,0,0,0,0,0,0,0,0,0,0,,,,,0,0,0,0,0,,,,,,,,,,,,,,,,,,N,N,N,N,,,,,,,,,,,,0,IVA0,,,,N,,,0,,,,,,,,N,0,N,,,,,,,
CLC022,CHILES JALAPEÑOS EN RAJAS LATA 2.8 KG,PZA,0,N,,,,,,,,,,,,N,Y,Y,N,N,N,N,,,,,P0030,,,,,,,Y,,,N,,,,,N,,0,0,,0,,0,0,0,0,0,0,0,0,0,0,0,,,,,12,12,12,0,0,,,,,,,,,,,,,,,,,,N,N,N,N,,,,,,,,,,,,0,IVA0,,,,N,,,0,,,,,,,,N,0,N,,,,,,,
HEINZ01,CATSUP HEINZ EN BOLSA 3KG,PZA,0,N,,,,,,,,BTS/FOOD SERV,Food Service,,,N,Y,Y,N,N,N,N,,,,,,,,,,,,Y,,,N,,,,,N,,0,0,,0,,0,0,0,0,0,0,0,0,0,0,0,,,,,0,0,0,0,0,,,,,,,,,,,,,,,,,,N,N,N,N,,,,,,,,,,,,0,IVA0,,,,N,,,0,,,,,,,,N,0,N,,,,,,,
GLIC01,GLICOL,PZA,0,N,,,,,,,,ADITIVOS,Otros,,,N,Y,Y,N,N,N,N,,PZA,,,,ALM-GENERAL,GLIC01,,,,,Y,,,N,,,,,N,,0,0,,0,,0,0,0,0,0,0,0,0,0,0,0,,,,,0,0,0,0,0,,,,,,,,,,,,,,,,,,N,N,N,N,,,,,,,,,,,,0,IVA,,,,N,,,0,,,,,,,,N,0,N,,,,,,,
2430813,PVH 004 S/A S/P 35 KG.,KG,0,N,,,,,,,,PVH,Savory,,,N,Y,Y,N,N,N,N,35,KG,,,,ALM-GENERAL,2430813,,,,,Y,,,N,,,,,N,,0,0,,0,,0,0,0,0,0,0,0,0,0,0,0,,,,,35,35,35,0,35,,,,,,,,,,PVH 004,,,,,,,,N,N,N,N,,,,,,,,,,,,0,IVA,,,,N,,,0,,,,,,,,N,0,N,,,,,,,
